game_id,step,pokemon,attack_ids,opp_hp,v4_choice_id,outcome
2,17,Kyogre,"[1042, 1043]",150.0,1043,LOSS
2,21,Kyogre,"[1042, 1043]",150.0,1043,LOSS
4,18,Kyogre,"[1042, 1043]",150.0,1043,LOSS
4,22,Kyogre,"[1042, 1043]",150.0,1043,LOSS
6,9,Snover,"[1044, 1045]",90.0,1045,WIN
7,11,Snover,"[1044, 1045]",140.0,1045,LOSS
7,13,Kyogre,"[1042, 1043]",90.0,1043,LOSS
9,13,Kyogre,"[1042, 1043]",150.0,1043,LOSS
9,17,Kyogre,"[1042, 1043]",150.0,1043,LOSS
16,12,Snover,"[1044, 1045]",140.0,1045,WIN
16,14,Kyogre,"[1042, 1043]",90.0,1043,WIN
16,27,Kyogre,"[1042, 1043]",110.0,1043,WIN
17,15,Kyogre,"[1042, 1043]",150.0,1043,LOSS
17,19,Kyogre,"[1042, 1043]",150.0,1043,LOSS
18,14,Kyogre,"[1042, 1043]",150.0,1043,LOSS
18,18,Kyogre,"[1042, 1043]",150.0,1043,LOSS
19,14,Kyogre,"[1042, 1043]",150.0,1043,WIN
19,18,Kyogre,"[1042, 1043]",150.0,1043,WIN
21,12,Snover,"[1044, 1045]",140.0,1045,LOSS
21,14,Kyogre,"[1042, 1043]",90.0,1043,LOSS
22,13,Snover,"[1044, 1045]",140.0,1045,LOSS
22,15,Kyogre,"[1042, 1043]",90.0,1043,LOSS
22,26,Snover,"[1044, 1045]",100.0,1045,LOSS
22,28,Kyogre,"[1042, 1043]",50.0,1043,LOSS
25,14,Snover,"[1044, 1045]",140.0,1045,LOSS
25,16,Kyogre,"[1042, 1043]",90.0,1043,LOSS
25,27,Kyogre,"[1042, 1043]",110.0,1043,LOSS
26,17,Snover,"[1044, 1045]",140.0,1045,LOSS
26,19,Kyogre,"[1042, 1043]",90.0,1043,LOSS
30,18,Kyogre,"[1042, 1043]",150.0,1043,LOSS
30,22,Kyogre,"[1042, 1043]",150.0,1043,LOSS
31,15,Snover,"[1044, 1045]",140.0,1045,LOSS
31,17,Kyogre,"[1042, 1043]",90.0,1043,LOSS
32,14,Kyogre,"[1042, 1043]",150.0,1043,LOSS
32,18,Kyogre,"[1042, 1043]",150.0,1043,LOSS
33,13,Snover,"[1044, 1045]",140.0,1045,LOSS
33,15,Kyogre,"[1042, 1043]",90.0,1043,LOSS
35,11,Snover,"[1044, 1045]",90.0,1045,WIN
35,13,Snover,"[1044, 1045]",80.0,1045,WIN
35,14,Snover,"[1044, 1045]",60.0,1045,WIN
35,15,Snover,"[1044, 1045]",60.0,1045,WIN
35,16,Snover,"[1044, 1045]",50.0,1045,WIN
35,17,Snover,"[1044, 1045]",50.0,1045,WIN
35,23,Snover,"[1044, 1045]",90.0,1045,WIN
35,24,Snover,"[1044, 1045]",90.0,1045,WIN
35,27,Snover,"[1044, 1045]",60.0,1045,WIN
35,28,Snover,"[1044, 1045]",60.0,1045,WIN
35,30,Snover,"[1044, 1045]",40.0,1045,WIN
35,31,Snover,"[1044, 1045]",30.0,1045,WIN
35,32,Snover,"[1044, 1045]",30.0,1045,WIN
36,9,Snover,"[1044, 1045]",150.0,1045,WIN
36,12,Snover,"[1044, 1045]",120.0,1045,WIN
36,13,Snover,"[1044, 1045]",120.0,1045,WIN
36,15,Kyogre,"[1042, 1043]",90.0,1043,WIN
38,16,Snover,"[1044, 1045]",140.0,1045,WIN
38,18,Kyogre,"[1042, 1043]",90.0,1043,WIN
42,9,Snover,"[1044, 1045]",90.0,1045,WIN
46,8,Snover,"[1044, 1045]",90.0,1045,WIN
57,8,Snover,"[1044, 1045]",150.0,1045,WIN
57,11,Snover,"[1044, 1045]",120.0,1045,WIN
57,12,Snover,"[1044, 1045]",120.0,1045,WIN
57,14,Kyogre,"[1042, 1043]",90.0,1043,WIN
59,11,Snover,"[1044, 1045]",90.0,1045,LOSS
59,13,Snover,"[1044, 1045]",80.0,1045,LOSS
59,14,Snover,"[1044, 1045]",60.0,1045,LOSS
62,11,Snover,"[1044, 1045]",90.0,1045,WIN
62,13,Snover,"[1044, 1045]",80.0,1045,WIN
62,14,Snover,"[1044, 1045]",60.0,1045,WIN
62,15,Snover,"[1044, 1045]",60.0,1045,WIN
62,16,Snover,"[1044, 1045]",50.0,1045,WIN
62,17,Snover,"[1044, 1045]",50.0,1045,WIN
62,27,Snover,"[1044, 1045]",150.0,1045,WIN
62,28,Snover,"[1044, 1045]",150.0,1045,WIN
63,17,Kyogre,"[1042, 1043]",350.0,1043,WIN
64,10,Snover,"[1044, 1045]",90.0,1045,WIN
66,9,Snover,"[1044, 1045]",90.0,1045,LOSS
66,11,Snover,"[1044, 1045]",80.0,1045,LOSS
66,12,Snover,"[1044, 1045]",60.0,1045,LOSS
68,11,Snover,"[1044, 1045]",140.0,1045,LOSS
68,13,Kyogre,"[1042, 1043]",90.0,1043,LOSS
70,10,Snover,"[1044, 1045]",90.0,1045,WIN
71,9,Snover,"[1044, 1045]",90.0,1045,WIN
72,9,Snover,"[1044, 1045]",90.0,1045,LOSS
72,11,Snover,"[1044, 1045]",80.0,1045,LOSS
72,12,Snover,"[1044, 1045]",60.0,1045,LOSS
72,13,Snover,"[1044, 1045]",60.0,1045,LOSS
72,14,Snover,"[1044, 1045]",50.0,1045,LOSS
72,15,Snover,"[1044, 1045]",50.0,1045,LOSS
72,16,Snover,"[1044, 1045]",30.0,1045,LOSS
72,17,Snover,"[1044, 1045]",30.0,1045,LOSS
75,16,Snover,"[1044, 1045]",140.0,1045,LOSS
75,18,Kyogre,"[1042, 1043]",90.0,1043,LOSS
76,12,Kyogre,"[1042, 1043]",150.0,1043,LOSS
76,16,Kyogre,"[1042, 1043]",150.0,1043,LOSS
77,13,Kyogre,"[1042, 1043]",150.0,1043,LOSS
77,17,Kyogre,"[1042, 1043]",150.0,1043,LOSS
78,14,Snover,"[1044, 1045]",140.0,1045,LOSS
78,16,Kyogre,"[1042, 1043]",90.0,1043,LOSS
78,28,Kyogre,"[1042, 1043]",110.0,1043,LOSS
81,13,Snover,"[1044, 1045]",140.0,1045,LOSS
81,15,Kyogre,"[1042, 1043]",90.0,1043,LOSS
81,27,Kyogre,"[1042, 1043]",110.0,1043,LOSS
82,10,Snover,"[1044, 1045]",90.0,1045,WIN
83,14,Snover,"[1044, 1045]",140.0,1045,LOSS
83,17,Snover,"[1044, 1045]",110.0,1045,LOSS
83,18,Snover,"[1044, 1045]",110.0,1045,LOSS
83,20,Snover,"[1044, 1045]",80.0,1045,LOSS
83,21,Snover,"[1044, 1045]",80.0,1045,LOSS
83,23,Kyogre,"[1042, 1043]",90.0,1043,LOSS
83,33,Snover,"[1044, 1045]",350.0,1045,LOSS
83,34,Snover,"[1044, 1045]",350.0,1045,LOSS
84,15,Kyogre,"[1042, 1043]",150.0,1043,WIN
84,19,Kyogre,"[1042, 1043]",150.0,1043,WIN
86,12,Snover,"[1044, 1045]",140.0,1045,LOSS
86,14,Kyogre,"[1042, 1043]",90.0,1043,LOSS
86,26,Kyogre,"[1042, 1043]",110.0,1043,LOSS
89,10,Snover,"[1044, 1045]",150.0,1045,WIN
89,13,Snover,"[1044, 1045]",120.0,1045,WIN
89,14,Snover,"[1044, 1045]",120.0,1045,WIN
89,16,Kyogre,"[1042, 1043]",90.0,1043,WIN
90,10,Snover,"[1044, 1045]",90.0,1045,WIN
90,12,Snover,"[1044, 1045]",80.0,1045,WIN
90,13,Snover,"[1044, 1045]",60.0,1045,WIN
90,14,Snover,"[1044, 1045]",60.0,1045,WIN
90,15,Snover,"[1044, 1045]",50.0,1045,WIN
90,16,Snover,"[1044, 1045]",50.0,1045,WIN
90,26,Snover,"[1044, 1045]",350.0,1045,WIN
90,27,Snover,"[1044, 1045]",350.0,1045,WIN
98,13,Kyogre,"[1042, 1043]",150.0,1043,LOSS
98,17,Kyogre,"[1042, 1043]",150.0,1043,LOSS
103,13,Kyogre,"[1042, 1043]",150.0,1043,LOSS
103,17,Kyogre,"[1042, 1043]",150.0,1043,LOSS
103,30,Snover,"[1044, 1045]",140.0,1045,LOSS
103,32,Kyogre,"[1042, 1043]",50.0,1043,LOSS
104,15,Kyogre,"[1042, 1043]",150.0,1043,LOSS
104,19,Kyogre,"[1042, 1043]",150.0,1043,LOSS
105,11,Snover,"[1044, 1045]",140.0,1045,LOSS
105,13,Kyogre,"[1042, 1043]",90.0,1043,LOSS
106,17,Kyogre,"[1042, 1043]",150.0,1043,LOSS
106,21,Kyogre,"[1042, 1043]",150.0,1043,LOSS
108,16,Kyogre,"[1042, 1043]",150.0,1043,LOSS
108,20,Kyogre,"[1042, 1043]",150.0,1043,LOSS
110,9,Snover,"[1044, 1045]",90.0,1045,LOSS
110,11,Snover,"[1044, 1045]",80.0,1045,LOSS
110,12,Snover,"[1044, 1045]",60.0,1045,LOSS
110,13,Snover,"[1044, 1045]",60.0,1045,LOSS
110,14,Snover,"[1044, 1045]",60.0,1045,LOSS
110,15,Snover,"[1044, 1045]",50.0,1045,LOSS
110,16,Snover,"[1044, 1045]",50.0,1045,LOSS
110,17,Snover,"[1044, 1045]",30.0,1045,LOSS
110,18,Snover,"[1044, 1045]",30.0,1045,LOSS
114,10,Snover,"[1044, 1045]",140.0,1045,LOSS
114,12,Kyogre,"[1042, 1043]",90.0,1043,LOSS
116,19,Kyogre,"[1042, 1043]",150.0,1043,LOSS
116,23,Kyogre,"[1042, 1043]",150.0,1043,LOSS
116,38,Kyogre,"[1042, 1043]",310.0,1043,LOSS
118,21,Kyogre,"[1042, 1043]",150.0,1043,WIN
118,35,Kyogre,"[1042, 1043]",350.0,1043,WIN
120,11,Snover,"[1044, 1045]",140.0,1045,LOSS
120,13,Kyogre,"[1042, 1043]",90.0,1043,LOSS
121,11,Snover,"[1044, 1045]",90.0,1045,WIN
122,14,Kyogre,"[1042, 1043]",150.0,1043,LOSS
122,18,Kyogre,"[1042, 1043]",150.0,1043,LOSS
122,33,Kyogre,"[1042, 1043]",110.0,1043,LOSS
124,11,Snover,"[1044, 1045]",140.0,1045,LOSS
124,13,Kyogre,"[1042, 1043]",90.0,1043,LOSS
127,11,Snover,"[1044, 1045]",90.0,1045,LOSS
127,13,Snover,"[1044, 1045]",80.0,1045,LOSS
127,14,Snover,"[1044, 1045]",60.0,1045,LOSS
127,15,Snover,"[1044, 1045]",60.0,1045,LOSS
127,16,Snover,"[1044, 1045]",50.0,1045,LOSS
127,17,Snover,"[1044, 1045]",50.0,1045,LOSS
127,18,Snover,"[1044, 1045]",30.0,1045,LOSS
127,19,Snover,"[1044, 1045]",30.0,1045,LOSS
127,28,Snover,"[1044, 1045]",90.0,1045,LOSS
127,29,Snover,"[1044, 1045]",90.0,1045,LOSS
127,31,Snover,"[1044, 1045]",20.0,1045,LOSS
128,10,Snover,"[1044, 1045]",90.0,1045,WIN
132,13,Snover,"[1044, 1045]",140.0,1045,LOSS
132,15,Kyogre,"[1042, 1043]",90.0,1043,LOSS
132,25,Snover,"[1044, 1045]",100.0,1045,LOSS
132,27,Kyogre,"[1042, 1043]",50.0,1043,LOSS
134,15,Snover,"[1044, 1045]",140.0,1045,LOSS
134,17,Kyogre,"[1042, 1043]",90.0,1043,LOSS
135,11,Snover,"[1044, 1045]",140.0,1045,LOSS
135,13,Kyogre,"[1042, 1043]",90.0,1043,LOSS
144,9,Snover,"[1044, 1045]",90.0,1045,WIN
144,11,Snover,"[1044, 1045]",80.0,1045,WIN
144,12,Snover,"[1044, 1045]",60.0,1045,WIN
144,13,Snover,"[1044, 1045]",60.0,1045,WIN
144,14,Snover,"[1044, 1045]",50.0,1045,WIN
145,13,Kyogre,"[1042, 1043]",150.0,1043,LOSS
145,17,Kyogre,"[1042, 1043]",150.0,1043,LOSS
151,15,Kyogre,"[1042, 1043]",150.0,1043,LOSS
151,19,Kyogre,"[1042, 1043]",150.0,1043,LOSS
162,9,Snover,"[1044, 1045]",150.0,1045,WIN
162,12,Snover,"[1044, 1045]",120.0,1045,WIN
162,13,Snover,"[1044, 1045]",120.0,1045,WIN
162,15,Kyogre,"[1042, 1043]",90.0,1043,WIN
162,25,Snover,"[1044, 1045]",80.0,1045,WIN
162,27,Kyogre,"[1042, 1043]",50.0,1043,WIN
163,11,Snover,"[1044, 1045]",150.0,1045,WIN
163,14,Snover,"[1044, 1045]",120.0,1045,WIN
163,15,Snover,"[1044, 1045]",120.0,1045,WIN
163,17,Kyogre,"[1042, 1043]",90.0,1043,WIN
163,28,Snover,"[1044, 1045]",80.0,1045,WIN
163,30,Kyogre,"[1042, 1043]",50.0,1043,WIN
163,39,Snover,"[1044, 1045]",90.0,1045,WIN
163,40,Snover,"[1044, 1045]",90.0,1045,WIN
163,42,Snover,"[1044, 1045]",40.0,1045,WIN
163,43,Snover,"[1044, 1045]",60.0,1045,WIN
163,44,Snover,"[1044, 1045]",60.0,1045,WIN
163,45,Snover,"[1044, 1045]",10.0,1045,WIN
163,46,Snover,"[1044, 1045]",10.0,1045,WIN
164,15,Snover,"[1044, 1045]",140.0,1045,LOSS
164,17,Kyogre,"[1042, 1043]",90.0,1043,LOSS
166,18,Kyogre,"[1042, 1043]",150.0,1043,WIN
166,22,Kyogre,"[1042, 1043]",150.0,1043,WIN
166,34,Kyogre,"[1042, 1043]",260.0,1043,WIN
167,12,Kyogre,"[1042, 1043]",150.0,1043,LOSS
167,16,Kyogre,"[1042, 1043]",150.0,1043,LOSS
172,8,Snover,"[1044, 1045]",150.0,1045,WIN
172,11,Snover,"[1044, 1045]",120.0,1045,WIN
172,12,Snover,"[1044, 1045]",120.0,1045,WIN
172,14,Kyogre,"[1042, 1043]",90.0,1043,WIN
173,15,Kyogre,"[1042, 1043]",150.0,1043,LOSS
173,19,Kyogre,"[1042, 1043]",150.0,1043,LOSS
174,9,Snover,"[1044, 1045]",150.0,1045,WIN
174,12,Snover,"[1044, 1045]",120.0,1045,WIN
174,13,Snover,"[1044, 1045]",120.0,1045,WIN
174,15,Kyogre,"[1042, 1043]",90.0,1043,WIN
176,10,Snover,"[1044, 1045]",140.0,1045,LOSS
176,12,Kyogre,"[1042, 1043]",90.0,1043,LOSS
181,11,Snover,"[1044, 1045]",90.0,1045,WIN
181,13,Snover,"[1044, 1045]",80.0,1045,WIN
181,14,Snover,"[1044, 1045]",60.0,1045,WIN
181,15,Snover,"[1044, 1045]",60.0,1045,WIN
181,16,Snover,"[1044, 1045]",50.0,1045,WIN
181,17,Snover,"[1044, 1045]",50.0,1045,WIN
181,26,Snover,"[1044, 1045]",150.0,1045,WIN
181,27,Snover,"[1044, 1045]",150.0,1045,WIN
181,37,Snover,"[1044, 1045]",110.0,1045,WIN
181,39,Kyogre,"[1042, 1043]",90.0,1043,WIN
182,14,Kyogre,"[1042, 1043]",150.0,1043,LOSS
182,18,Kyogre,"[1042, 1043]",150.0,1043,LOSS
184,10,Snover,"[1044, 1045]",90.0,1045,WIN
184,12,Snover,"[1044, 1045]",80.0,1045,WIN
184,13,Snover,"[1044, 1045]",60.0,1045,WIN
184,14,Snover,"[1044, 1045]",60.0,1045,WIN
184,15,Snover,"[1044, 1045]",50.0,1045,WIN
184,16,Snover,"[1044, 1045]",50.0,1045,WIN
184,25,Snover,"[1044, 1045]",90.0,1045,WIN
184,26,Snover,"[1044, 1045]",90.0,1045,WIN
184,39,Snover,"[1044, 1045]",350.0,1045,WIN
187,14,Snover,"[1044, 1045]",140.0,1045,WIN
187,16,Kyogre,"[1042, 1043]",90.0,1043,WIN
189,10,Snover,"[1044, 1045]",90.0,1045,WIN
190,13,Snover,"[1044, 1045]",140.0,1045,LOSS
190,15,Kyogre,"[1042, 1043]",90.0,1043,LOSS
191,14,Snover,"[1044, 1045]",140.0,1045,LOSS
191,16,Kyogre,"[1042, 1043]",90.0,1043,LOSS
191,28,Kyogre,"[1042, 1043]",110.0,1043,LOSS
191,40,Kyogre,"[1042, 1043]",110.0,1043,LOSS
192,11,Snover,"[1044, 1045]",90.0,1045,WIN
194,11,Snover,"[1044, 1045]",140.0,1045,LOSS
194,13,Kyogre,"[1042, 1043]",90.0,1043,LOSS
196,15,Kyogre,"[1042, 1043]",150.0,1043,LOSS
196,19,Kyogre,"[1042, 1043]",150.0,1043,LOSS
198,9,Snover,"[1044, 1045]",90.0,1045,LOSS
198,11,Snover,"[1044, 1045]",80.0,1045,LOSS
198,12,Snover,"[1044, 1045]",60.0,1045,LOSS
198,13,Snover,"[1044, 1045]",60.0,1045,LOSS
198,14,Snover,"[1044, 1045]",50.0,1045,LOSS
198,15,Snover,"[1044, 1045]",50.0,1045,LOSS
198,16,Snover,"[1044, 1045]",30.0,1045,LOSS
198,17,Snover,"[1044, 1045]",30.0,1045,LOSS
199,11,Snover,"[1044, 1045]",90.0,1045,WIN
