game_id,step,domain,context,active_pokemon,active_energy,opp_pokemon,opp_hp,v4_action,alternative_action,is_executable,category
0,11,MULTI_EVOLVE_TARGETS,MAIN,Kyogre,1,Kyogre,150,EVOLVE_ACTIVE,EVOLVE_BENCH,True,TACTICAL_CHOICE
0,36,PROMOTION_ON_KO,TO_ACTIVE,KNOCKED_OUT,0,UNKNOWN,0,PROMOTE_HIGH_HP_OR_ENERGY,PROMOTE_SACRIFICE,True,LOW_FREQUENCY_CANDIDATE
0,40,MULTI_ATTACK_ABOMASNOW,MAIN,Mega Abomasnow ex,3,Mega Abomasnow ex,350,ATTACK_1047 (Flat 200 Dmg),ATTACK_1046 (RNG up to 350 Dmg),True,REAL_ACTIONABLE_WEAKNESS
1,19,MULTI_ATTACK_ABOMASNOW,MAIN,Mega Abomasnow ex,3,Kyogre,150,ATTACK_1047 (Flat 200 Dmg),ATTACK_1046 (RNG up to 350 Dmg),True,TACTICAL_CHOICE
3,9,MULTI_EVOLVE_TARGETS,MAIN,Snover,1,Snover,90,EVOLVE_ACTIVE,EVOLVE_BENCH,True,TACTICAL_CHOICE
5,13,MULTI_EVOLVE_TARGETS,MAIN,Kyogre,1,Snover,90,EVOLVE_ACTIVE,EVOLVE_BENCH,True,TACTICAL_CHOICE
5,24,MULTI_ATTACK_ABOMASNOW,MAIN,Mega Abomasnow ex,3,Mega Abomasnow ex,350,ATTACK_1047 (Flat 200 Dmg),ATTACK_1046 (RNG up to 350 Dmg),True,REAL_ACTIONABLE_WEAKNESS
6,15,MULTI_EVOLVE_TARGETS,MAIN,Snover,1,Kyogre,150,EVOLVE_ACTIVE,EVOLVE_BENCH,True,TACTICAL_CHOICE
10,25,MULTI_EVOLVE_TARGETS,MAIN,Kyogre,0,Snover,50,EVOLVE_ACTIVE,EVOLVE_BENCH,True,TACTICAL_CHOICE
11,12,MULTI_EVOLVE_TARGETS,MAIN,Snover,1,Snover,90,EVOLVE_ACTIVE,EVOLVE_BENCH,True,TACTICAL_CHOICE
14,10,MULTI_EVOLVE_TARGETS,MAIN,Kyogre,1,Snover,90,EVOLVE_ACTIVE,EVOLVE_BENCH,True,TACTICAL_CHOICE
14,17,PROMOTION_ON_KO,TO_ACTIVE,KNOCKED_OUT,0,UNKNOWN,0,PROMOTE_HIGH_HP_OR_ENERGY,PROMOTE_SACRIFICE,True,LOW_FREQUENCY_CANDIDATE
14,26,MULTI_ATTACK_ABOMASNOW,MAIN,Mega Abomasnow ex,3,Mega Abomasnow ex,350,ATTACK_1047 (Flat 200 Dmg),ATTACK_1046 (RNG up to 350 Dmg),True,REAL_ACTIONABLE_WEAKNESS
17,9,MULTI_EVOLVE_TARGETS,MAIN,Snover,1,Snover,90,EVOLVE_ACTIVE,EVOLVE_BENCH,True,TACTICAL_CHOICE
18,17,ATTACH_ACTIVE_OVERSATURATION,MAIN,Snover,3,Snover,30,ATTACH_ACTIVE,ATTACH_BENCH,True,LOW_FREQUENCY_CANDIDATE
22,11,MULTI_EVOLVE_TARGETS,MAIN,Kyogre,1,Snover,90,EVOLVE_ACTIVE,EVOLVE_BENCH,True,TACTICAL_CHOICE
22,25,MULTI_ATTACK_ABOMASNOW,MAIN,Mega Abomasnow ex,3,Mega Abomasnow ex,350,ATTACK_1047 (Flat 200 Dmg),ATTACK_1046 (RNG up to 350 Dmg),True,REAL_ACTIONABLE_WEAKNESS
22,27,MULTI_ATTACK_ABOMASNOW,MAIN,Mega Abomasnow ex,3,Mega Abomasnow ex,150,ATTACK_1047 (Flat 200 Dmg),ATTACK_1046 (RNG up to 350 Dmg),True,TACTICAL_CHOICE
23,10,MULTI_EVOLVE_TARGETS,MAIN,Snover,1,Snover,90,EVOLVE_ACTIVE,EVOLVE_BENCH,True,TACTICAL_CHOICE
24,11,MULTI_EVOLVE_TARGETS,MAIN,Snover,1,Snover,90,EVOLVE_ACTIVE,EVOLVE_BENCH,True,TACTICAL_CHOICE
24,19,MULTI_ATTACK_ABOMASNOW,MAIN,Mega Abomasnow ex,3,Kyogre,150,ATTACK_1047 (Flat 200 Dmg),ATTACK_1046 (RNG up to 350 Dmg),True,TACTICAL_CHOICE
25,11,MULTI_EVOLVE_TARGETS,MAIN,Snover,1,Kyogre,150,EVOLVE_ACTIVE,EVOLVE_BENCH,True,TACTICAL_CHOICE
28,10,MULTI_EVOLVE_TARGETS,MAIN,Snover,1,Snover,90,EVOLVE_ACTIVE,EVOLVE_BENCH,True,TACTICAL_CHOICE
29,11,MULTI_EVOLVE_TARGETS,MAIN,Kyogre,1,Snover,90,EVOLVE_ACTIVE,EVOLVE_BENCH,True,TACTICAL_CHOICE
30,11,MULTI_EVOLVE_TARGETS,MAIN,Snover,1,Kyogre,150,EVOLVE_ACTIVE,EVOLVE_BENCH,True,TACTICAL_CHOICE
32,7,MULTI_EVOLVE_TARGETS,MAIN,Snover,1,Kyogre,150,EVOLVE_ACTIVE,EVOLVE_BENCH,True,TACTICAL_CHOICE
33,11,MULTI_EVOLVE_TARGETS,MAIN,Snover,1,Snover,80,EVOLVE_ACTIVE,EVOLVE_BENCH,True,TACTICAL_CHOICE
34,35,MULTI_EVOLVE_TARGETS,MAIN,Mega Abomasnow ex,0,Kyogre,150,EVOLVE_ACTIVE,EVOLVE_BENCH,True,TACTICAL_CHOICE
35,9,MULTI_EVOLVE_TARGETS,MAIN,Snover,1,Snover,90,EVOLVE_ACTIVE,EVOLVE_BENCH,True,TACTICAL_CHOICE
38,57,MULTI_ATTACK_ABOMASNOW,MAIN,Mega Abomasnow ex,3,Kyogre,20,ATTACK_1047 (Flat 200 Dmg),ATTACK_1046 (RNG up to 350 Dmg),True,TACTICAL_CHOICE
41,9,MULTI_EVOLVE_TARGETS,MAIN,Snover,1,Snover,90,EVOLVE_ACTIVE,EVOLVE_BENCH,True,TACTICAL_CHOICE
42,13,MULTI_EVOLVE_TARGETS,MAIN,Snover,1,Snover,90,EVOLVE_ACTIVE,EVOLVE_BENCH,True,TACTICAL_CHOICE
43,12,MULTI_EVOLVE_TARGETS,MAIN,Snover,1,Kyogre,150,EVOLVE_ACTIVE,EVOLVE_BENCH,True,TACTICAL_CHOICE
45,12,MULTI_EVOLVE_TARGETS,MAIN,Snover,1,Snover,90,EVOLVE_ACTIVE,EVOLVE_BENCH,True,TACTICAL_CHOICE
47,10,MULTI_EVOLVE_TARGETS,MAIN,Snover,1,Kyogre,150,EVOLVE_ACTIVE,EVOLVE_BENCH,True,TACTICAL_CHOICE
48,17,MULTI_ATTACK_ABOMASNOW,MAIN,Mega Abomasnow ex,3,Snover,90,ATTACK_1047 (Flat 200 Dmg),ATTACK_1046 (RNG up to 350 Dmg),True,TACTICAL_CHOICE
50,9,MULTI_EVOLVE_TARGETS,MAIN,Snover,1,Snover,90,EVOLVE_ACTIVE,EVOLVE_BENCH,True,TACTICAL_CHOICE
52,13,PROMOTION_ON_KO,TO_ACTIVE,KNOCKED_OUT,0,UNKNOWN,0,PROMOTE_HIGH_HP_OR_ENERGY,PROMOTE_SACRIFICE,True,LOW_FREQUENCY_CANDIDATE
52,14,MULTI_EVOLVE_TARGETS,MAIN,Snover,0,Mega Abomasnow ex,350,EVOLVE_ACTIVE,EVOLVE_BENCH,True,TACTICAL_CHOICE
52,23,MULTI_ATTACK_ABOMASNOW,MAIN,Mega Abomasnow ex,3,Mega Abomasnow ex,350,ATTACK_1047 (Flat 200 Dmg),ATTACK_1046 (RNG up to 350 Dmg),True,REAL_ACTIONABLE_WEAKNESS
52,31,MULTI_ATTACK_ABOMASNOW,MAIN,Mega Abomasnow ex,3,Kyogre,150,ATTACK_1047 (Flat 200 Dmg),ATTACK_1046 (RNG up to 350 Dmg),True,TACTICAL_CHOICE
58,11,MULTI_EVOLVE_TARGETS,MAIN,Snover,1,Kyogre,140,EVOLVE_ACTIVE,EVOLVE_BENCH,True,TACTICAL_CHOICE
62,16,ATTACH_ACTIVE_OVERSATURATION,MAIN,Snover,3,Snover,30,ATTACH_ACTIVE,ATTACH_BENCH,True,LOW_FREQUENCY_CANDIDATE
62,25,MULTI_EVOLVE_TARGETS,MAIN,Snover,0,Snover,30,EVOLVE_ACTIVE,EVOLVE_BENCH,True,TACTICAL_CHOICE
63,12,MULTI_EVOLVE_TARGETS,MAIN,Snover,1,Kyogre,150,EVOLVE_ACTIVE,EVOLVE_BENCH,True,TACTICAL_CHOICE
65,13,MULTI_EVOLVE_TARGETS,MAIN,Snover,1,Snover,90,EVOLVE_ACTIVE,EVOLVE_BENCH,True,TACTICAL_CHOICE
65,17,PROMOTION_ON_KO,TO_ACTIVE,KNOCKED_OUT,0,UNKNOWN,0,PROMOTE_HIGH_HP_OR_ENERGY,PROMOTE_SACRIFICE,True,LOW_FREQUENCY_CANDIDATE
65,21,MULTI_ATTACK_ABOMASNOW,MAIN,Mega Abomasnow ex,3,Kyogre,150,ATTACK_1047 (Flat 200 Dmg),ATTACK_1046 (RNG up to 350 Dmg),True,TACTICAL_CHOICE
65,26,MULTI_ATTACK_ABOMASNOW,MAIN,Mega Abomasnow ex,3,Snover,90,ATTACK_1047 (Flat 200 Dmg),ATTACK_1046 (RNG up to 350 Dmg),True,TACTICAL_CHOICE
65,27,MULTI_ATTACK_ABOMASNOW,MAIN,Mega Abomasnow ex,4,Snover,90,ATTACK_1047 (Flat 200 Dmg),ATTACK_1046 (RNG up to 350 Dmg),True,TACTICAL_CHOICE
66,22,MULTI_ATTACK_ABOMASNOW,MAIN,Mega Abomasnow ex,3,Mega Abomasnow ex,350,ATTACK_1047 (Flat 200 Dmg),ATTACK_1046 (RNG up to 350 Dmg),True,REAL_ACTIONABLE_WEAKNESS
68,21,PROMOTION_ON_KO,TO_ACTIVE,KNOCKED_OUT,0,UNKNOWN,0,PROMOTE_HIGH_HP_OR_ENERGY,PROMOTE_SACRIFICE,True,LOW_FREQUENCY_CANDIDATE
70,11,MULTI_EVOLVE_TARGETS,MAIN,Snover,1,Snover,90,EVOLVE_ACTIVE,EVOLVE_BENCH,True,TACTICAL_CHOICE
72,15,MULTI_EVOLVE_TARGETS,MAIN,Snover,1,Kyogre,140,EVOLVE_ACTIVE,EVOLVE_BENCH,True,TACTICAL_CHOICE
74,11,MULTI_EVOLVE_TARGETS,MAIN,Kyogre,1,Snover,90,EVOLVE_ACTIVE,EVOLVE_BENCH,True,TACTICAL_CHOICE
76,15,MULTI_ATTACK_ABOMASNOW,MAIN,Mega Abomasnow ex,3,Snover,60,ATTACK_1047 (Flat 200 Dmg),ATTACK_1046 (RNG up to 350 Dmg),True,TACTICAL_CHOICE
76,20,MULTI_ATTACK_ABOMASNOW,MAIN,Mega Abomasnow ex,3,Snover,90,ATTACK_1047 (Flat 200 Dmg),ATTACK_1046 (RNG up to 350 Dmg),True,TACTICAL_CHOICE
76,21,MULTI_ATTACK_ABOMASNOW,MAIN,Mega Abomasnow ex,4,Snover,90,ATTACK_1047 (Flat 200 Dmg),ATTACK_1046 (RNG up to 350 Dmg),True,TACTICAL_CHOICE
79,14,MULTI_EVOLVE_TARGETS,MAIN,Snover,1,Kyogre,140,EVOLVE_ACTIVE,EVOLVE_BENCH,True,TACTICAL_CHOICE
79,18,PROMOTION_ON_KO,TO_ACTIVE,KNOCKED_OUT,0,UNKNOWN,0,PROMOTE_HIGH_HP_OR_ENERGY,PROMOTE_SACRIFICE,True,LOW_FREQUENCY_CANDIDATE
79,22,MULTI_ATTACK_ABOMASNOW,MAIN,Mega Abomasnow ex,3,Kyogre,150,ATTACK_1047 (Flat 200 Dmg),ATTACK_1046 (RNG up to 350 Dmg),True,TACTICAL_CHOICE
79,30,MULTI_ATTACK_ABOMASNOW,MAIN,Mega Abomasnow ex,3,Mega Abomasnow ex,350,ATTACK_1047 (Flat 200 Dmg),ATTACK_1046 (RNG up to 350 Dmg),True,REAL_ACTIONABLE_WEAKNESS
79,30,ATTACH_ACTIVE_OVERSATURATION,MAIN,Mega Abomasnow ex,3,Mega Abomasnow ex,350,ATTACH_ACTIVE,ATTACH_BENCH,True,LOW_FREQUENCY_CANDIDATE
79,31,MULTI_ATTACK_ABOMASNOW,MAIN,Mega Abomasnow ex,3,Mega Abomasnow ex,350,ATTACK_1047 (Flat 200 Dmg),ATTACK_1046 (RNG up to 350 Dmg),True,REAL_ACTIONABLE_WEAKNESS
79,31,ATTACH_ACTIVE_OVERSATURATION,MAIN,Mega Abomasnow ex,3,Mega Abomasnow ex,350,ATTACH_ACTIVE,ATTACH_BENCH,True,LOW_FREQUENCY_CANDIDATE
79,32,MULTI_ATTACK_ABOMASNOW,MAIN,Mega Abomasnow ex,4,Mega Abomasnow ex,350,ATTACK_1047 (Flat 200 Dmg),ATTACK_1046 (RNG up to 350 Dmg),True,REAL_ACTIONABLE_WEAKNESS
79,35,MULTI_ATTACK_ABOMASNOW,MAIN,Mega Abomasnow ex,4,Mega Abomasnow ex,150,ATTACK_1047 (Flat 200 Dmg),ATTACK_1046 (RNG up to 350 Dmg),True,TACTICAL_CHOICE
79,35,ATTACH_ACTIVE_OVERSATURATION,MAIN,Mega Abomasnow ex,4,Mega Abomasnow ex,150,ATTACH_ACTIVE,ATTACH_BENCH,True,LOW_FREQUENCY_CANDIDATE
79,36,MULTI_ATTACK_ABOMASNOW,MAIN,Mega Abomasnow ex,5,Mega Abomasnow ex,150,ATTACK_1047 (Flat 200 Dmg),ATTACK_1046 (RNG up to 350 Dmg),True,TACTICAL_CHOICE
79,45,MULTI_ATTACK_ABOMASNOW,MAIN,Mega Abomasnow ex,3,Mega Abomasnow ex,350,ATTACK_1047 (Flat 200 Dmg),ATTACK_1046 (RNG up to 350 Dmg),True,REAL_ACTIONABLE_WEAKNESS
79,50,MULTI_ATTACK_ABOMASNOW,MAIN,Mega Abomasnow ex,3,Mega Abomasnow ex,150,ATTACK_1047 (Flat 200 Dmg),ATTACK_1046 (RNG up to 350 Dmg),True,TACTICAL_CHOICE
79,51,MULTI_ATTACK_ABOMASNOW,MAIN,Mega Abomasnow ex,4,Mega Abomasnow ex,150,ATTACK_1047 (Flat 200 Dmg),ATTACK_1046 (RNG up to 350 Dmg),True,TACTICAL_CHOICE
79,53,PROMOTION_ON_KO,TO_ACTIVE,KNOCKED_OUT,0,UNKNOWN,0,PROMOTE_HIGH_HP_OR_ENERGY,PROMOTE_SACRIFICE,True,LOW_FREQUENCY_CANDIDATE
79,56,MULTI_ATTACK_ABOMASNOW,MAIN,Mega Abomasnow ex,4,Mega Abomasnow ex,140,ATTACK_1047 (Flat 200 Dmg),ATTACK_1046 (RNG up to 350 Dmg),True,TACTICAL_CHOICE
79,57,MULTI_ATTACK_ABOMASNOW,MAIN,Mega Abomasnow ex,5,Mega Abomasnow ex,140,ATTACK_1047 (Flat 200 Dmg),ATTACK_1046 (RNG up to 350 Dmg),True,TACTICAL_CHOICE
80,11,MULTI_EVOLVE_TARGETS,MAIN,Snover,1,Kyogre,150,EVOLVE_ACTIVE,EVOLVE_BENCH,True,TACTICAL_CHOICE
80,19,MULTI_ATTACK_ABOMASNOW,MAIN,Mega Abomasnow ex,3,Snover,90,ATTACK_1047 (Flat 200 Dmg),ATTACK_1046 (RNG up to 350 Dmg),True,TACTICAL_CHOICE
82,10,MULTI_EVOLVE_TARGETS,MAIN,Snover,1,Snover,90,EVOLVE_ACTIVE,EVOLVE_BENCH,True,TACTICAL_CHOICE
85,11,MULTI_EVOLVE_TARGETS,MAIN,Snover,1,Snover,90,EVOLVE_ACTIVE,EVOLVE_BENCH,True,TACTICAL_CHOICE
88,9,MULTI_EVOLVE_TARGETS,MAIN,Snover,1,Snover,90,EVOLVE_ACTIVE,EVOLVE_BENCH,True,TACTICAL_CHOICE
89,12,MULTI_EVOLVE_TARGETS,MAIN,Snover,1,Snover,90,EVOLVE_ACTIVE,EVOLVE_BENCH,True,TACTICAL_CHOICE
89,16,PROMOTION_ON_KO,TO_ACTIVE,KNOCKED_OUT,0,UNKNOWN,0,PROMOTE_HIGH_HP_OR_ENERGY,PROMOTE_SACRIFICE,True,LOW_FREQUENCY_CANDIDATE
89,20,MULTI_ATTACK_ABOMASNOW,MAIN,Mega Abomasnow ex,3,Snover,90,ATTACK_1047 (Flat 200 Dmg),ATTACK_1046 (RNG up to 350 Dmg),True,TACTICAL_CHOICE
89,25,MULTI_ATTACK_ABOMASNOW,MAIN,Mega Abomasnow ex,3,Snover,90,ATTACK_1047 (Flat 200 Dmg),ATTACK_1046 (RNG up to 350 Dmg),True,TACTICAL_CHOICE
89,26,MULTI_ATTACK_ABOMASNOW,MAIN,Mega Abomasnow ex,4,Snover,90,ATTACK_1047 (Flat 200 Dmg),ATTACK_1046 (RNG up to 350 Dmg),True,TACTICAL_CHOICE
91,18,ATTACH_ACTIVE_OVERSATURATION,MAIN,Snover,3,Snover,30,ATTACH_ACTIVE,ATTACH_BENCH,True,LOW_FREQUENCY_CANDIDATE
91,26,MULTI_EVOLVE_TARGETS,MAIN,Snover,0,Snover,30,EVOLVE_ACTIVE,EVOLVE_BENCH,True,TACTICAL_CHOICE
91,27,MULTI_EVOLVE_TARGETS,MAIN,Snover,0,Snover,30,EVOLVE_ACTIVE,EVOLVE_BENCH,True,TACTICAL_CHOICE
91,31,MULTI_ATTACK_ABOMASNOW,MAIN,Mega Abomasnow ex,3,Mega Abomasnow ex,350,ATTACK_1047 (Flat 200 Dmg),ATTACK_1046 (RNG up to 350 Dmg),True,REAL_ACTIONABLE_WEAKNESS
91,32,MULTI_ATTACK_ABOMASNOW,MAIN,Mega Abomasnow ex,4,Mega Abomasnow ex,350,ATTACK_1047 (Flat 200 Dmg),ATTACK_1046 (RNG up to 350 Dmg),True,REAL_ACTIONABLE_WEAKNESS
91,39,MULTI_ATTACK_ABOMASNOW,MAIN,Mega Abomasnow ex,4,Mega Abomasnow ex,100,ATTACK_1047 (Flat 200 Dmg),ATTACK_1046 (RNG up to 350 Dmg),True,TACTICAL_CHOICE
91,40,MULTI_ATTACK_ABOMASNOW,MAIN,Mega Abomasnow ex,5,Mega Abomasnow ex,100,ATTACK_1047 (Flat 200 Dmg),ATTACK_1046 (RNG up to 350 Dmg),True,TACTICAL_CHOICE
91,42,PROMOTION_ON_KO,TO_ACTIVE,KNOCKED_OUT,0,UNKNOWN,0,PROMOTE_HIGH_HP_OR_ENERGY,PROMOTE_SACRIFICE,True,LOW_FREQUENCY_CANDIDATE
92,13,MULTI_EVOLVE_TARGETS,MAIN,Snover,1,Snover,90,EVOLVE_ACTIVE,EVOLVE_BENCH,True,TACTICAL_CHOICE
92,21,MULTI_ATTACK_ABOMASNOW,MAIN,Mega Abomasnow ex,3,Kyogre,150,ATTACK_1047 (Flat 200 Dmg),ATTACK_1046 (RNG up to 350 Dmg),True,TACTICAL_CHOICE
93,10,MULTI_EVOLVE_TARGETS,MAIN,Snover,1,Snover,90,EVOLVE_ACTIVE,EVOLVE_BENCH,True,TACTICAL_CHOICE
97,12,MULTI_EVOLVE_TARGETS,MAIN,Snover,1,Kyogre,150,EVOLVE_ACTIVE,EVOLVE_BENCH,True,TACTICAL_CHOICE
98,10,MULTI_EVOLVE_TARGETS,MAIN,Snover,1,Snover,90,EVOLVE_ACTIVE,EVOLVE_BENCH,True,TACTICAL_CHOICE
99,9,MULTI_EVOLVE_TARGETS,MAIN,Kyogre,1,Snover,90,EVOLVE_ACTIVE,EVOLVE_BENCH,True,TACTICAL_CHOICE
