game_id,step,player_idx,active_hp,active_energy,bench_targets_count,bench_0_hp,bench_0_energy,v4_evolved_active,v4_choice_idx,outcome
14,11,1,80,1,2,90,0,True,2,LOSS
16,32,0,90,0,1,90,0,True,4,WIN
20,13,1,90,1,4,90,0,True,1,LOSS
28,11,1,80,1,2,90,0,True,6,LOSS
37,9,1,80,1,1,90,0,True,3,LOSS
41,14,1,80,1,2,90,0,True,8,LOSS
52,11,1,80,1,1,90,0,True,11,LOSS
55,11,1,80,1,1,90,0,True,9,LOSS
63,13,0,90,1,1,90,0,True,5,WIN
64,11,0,60,1,1,90,0,True,6,WIN
66,12,1,50,2,1,90,0,True,6,LOSS
67,12,1,90,1,1,90,0,True,7,LOSS
79,13,1,90,1,2,90,0,True,8,LOSS
90,22,0,90,0,1,30,0,True,1,WIN
91,15,0,90,1,1,90,0,True,6,WIN
92,8,1,90,1,1,90,0,True,6,LOSS
93,8,1,90,1,1,90,0,True,0,LOSS
112,11,0,90,1,2,90,0,True,0,WIN
123,10,1,80,1,1,90,0,True,8,LOSS
126,10,0,90,1,1,90,0,True,0,WIN
129,11,1,80,1,1,90,0,True,1,LOSS
139,10,1,90,1,1,90,0,True,7,LOSS
160,10,1,80,1,2,90,0,True,4,LOSS
184,33,0,90,1,1,30,0,True,7,WIN
185,8,1,90,1,1,90,0,True,8,LOSS
195,13,1,80,1,4,90,0,True,5,LOSS
