batch,game_id,step,turn,hand_size,deck_count,my_prizes,opp_prizes,prize_diff,abra_count,kadabra_count,alakazam_count,total_evo_line,dunsparce_count,dudunsparce_count,bench_count,opp_bench_count,active_energy,my_active,opp_active,evo_stage,active_is_alakazam,game_phase,xerosic_legal,rare_candy_legal,poffin_legal,night_stretcher_legal,game_outcome,outcome_val
INITIAL_SET,3,48,6,12,21,6,6,0,0,2,2,4,1,1,1,1,0,Alakazam HP:140 En:1,Dunsparce HP:30 En:0,ALAKAZAM_UP,True,MID,False,False,False,False,WIN,1.0
INITIAL_SET,3,59,8,16,15,5,6,-1,0,1,3,4,1,1,1,1,0,Alakazam HP:130 En:1,Abra HP:50 En:0,ALAKAZAM_UP,True,LATE,False,False,False,False,WIN,1.0
INITIAL_SET,7,21,4,9,36,6,6,0,1,2,0,3,1,0,1,0,0,Kadabra HP:80 En:0,Dudunsparce HP:130 En:0,KADABRA_STAGE,False,MID,False,False,False,False,WIN,1.0
INITIAL_SET,7,37,6,13,24,6,6,0,0,1,2,3,1,1,1,0,0,Alakazam HP:140 En:1,Dudunsparce HP:100 En:0,ALAKAZAM_UP,True,MID,False,False,False,False,WIN,1.0
INITIAL_SET,1,122,10,13,16,4,4,0,0,2,2,4,1,1,1,1,0,Alakazam HP:60 En:1,Alakazam HP:140 En:1,ALAKAZAM_UP,True,LATE,True,False,False,False,WIN,1.0
INITIAL_SET,1,155,16,18,4,1,3,-2,0,0,3,3,0,2,1,0,0,Alakazam HP:140 En:1,Dudunsparce HP:140 En:0,ALAKAZAM_UP,True,LATE,True,False,False,False,WIN,1.0
INITIAL_SET,2,11,2,6,44,6,6,0,3,0,0,3,0,0,1,1,0,Abra HP:50 En:0,Dunsparce HP:70 En:0,ABRA_ONLY,False,EARLY,False,False,False,False,DRAW,0.5
INITIAL_SET,2,78,8,4,22,6,4,2,0,1,2,3,1,0,1,1,0,Alakazam HP:80 En:1,Alakazam HP:110 En:1,ALAKAZAM_UP,True,LATE,False,False,False,False,DRAW,0.5
INITIAL_SET,8,82,6,13,21,5,4,1,1,1,2,4,2,0,1,1,0,Alakazam HP:140 En:1,Alakazam HP:140 En:1,ALAKAZAM_UP,True,MID,False,False,False,False,LOSS,0.0
INITIAL_SET,16,41,4,8,37,6,6,0,2,1,0,3,0,1,1,1,0,Kadabra HP:80 En:0,Kadabra HP:80 En:1,KADABRA_STAGE,False,MID,False,False,False,False,DRAW,0.5
INITIAL_SET,18,77,8,13,15,5,6,-1,0,1,3,4,0,2,1,1,0,Alakazam HP:50 En:1,Kadabra HP:80 En:1,ALAKAZAM_UP,True,LATE,True,False,False,False,DRAW,0.5
INITIAL_SET,18,130,12,15,9,3,5,-2,1,0,3,4,0,2,1,1,0,Alakazam HP:140 En:1,Alakazam HP:140 En:1,ALAKAZAM_UP,True,LATE,False,False,False,False,DRAW,0.5
INITIAL_SET,17,74,6,8,30,6,5,1,1,1,1,3,1,1,1,1,0,Kadabra HP:80 En:1,Alakazam HP:140 En:1,ALAKAZAM_UP,False,MID,False,False,False,False,DRAW,0.5
INITIAL_SET,20,127,10,14,13,3,4,-1,0,0,3,3,0,2,1,1,0,Alakazam HP:110 En:1,Kadabra HP:80 En:1,ALAKAZAM_UP,True,LATE,True,False,False,False,WIN,1.0
INITIAL_SET,15,12,2,7,40,6,6,0,3,0,0,3,1,0,1,0,0,Abra HP:50 En:1,Dunsparce HP:60 En:0,ABRA_ONLY,False,EARLY,False,False,False,False,DRAW,0.5
INITIAL_SET,15,47,6,6,29,6,6,0,1,2,0,3,3,0,1,1,0,Kadabra HP:80 En:1,Abra HP:40 En:0,KADABRA_STAGE,False,MID,False,False,False,False,DRAW,0.5
INITIAL_SET,15,103,10,7,27,6,4,2,0,0,1,1,2,1,1,1,0,Alakazam HP:140 En:1,Alakazam HP:70 En:1,ALAKAZAM_UP,True,LATE,False,False,False,False,DRAW,0.5
INITIAL_SET,19,146,12,13,10,4,1,3,1,1,1,3,0,2,1,1,0,Alakazam HP:140 En:1,Alakazam HP:140 En:1,ALAKAZAM_UP,True,LATE,False,False,False,False,DRAW,0.5
INITIAL_SET,24,142,14,13,15,5,2,3,0,0,0,0,1,1,1,1,0,Dunsparce HP:60 En:0,Alakazam HP:70 En:1,NO_LINE,False,LATE,False,False,False,False,DRAW,0.5
INITIAL_SET,25,93,8,4,26,6,3,3,2,0,1,3,1,0,1,1,0,Alakazam HP:140 En:1,Alakazam HP:130 En:1,ALAKAZAM_UP,True,LATE,False,False,False,False,DRAW,0.5
INITIAL_SET,26,57,6,12,23,6,6,0,0,1,1,2,3,0,1,1,0,Alakazam HP:140 En:1,Kadabra HP:50 En:0,ALAKAZAM_UP,True,MID,True,False,False,False,DRAW,0.5
INITIAL_SET,26,121,12,18,14,3,5,-2,1,0,1,2,0,3,1,1,0,Alakazam HP:120 En:1,Alakazam HP:140 En:1,ALAKAZAM_UP,True,LATE,True,False,False,False,DRAW,0.5
INITIAL_SET,22,114,8,8,24,6,4,2,0,3,0,3,0,1,1,1,0,Kadabra HP:80 En:1,Alakazam HP:130 En:1,KADABRA_STAGE,False,LATE,False,False,False,False,DRAW,0.5
INITIAL_SET,27,107,10,13,9,4,5,-1,0,1,3,4,1,0,1,1,0,Alakazam HP:140 En:1,Alakazam HP:140 En:0,ALAKAZAM_UP,True,LATE,True,False,False,False,WIN,1.0
INITIAL_SET,28,47,6,14,24,6,6,0,0,3,1,4,0,0,1,1,0,Kadabra HP:70 En:1,Abra HP:50 En:1,ALAKAZAM_UP,False,MID,False,False,False,False,DRAW,0.5
INITIAL_SET,28,114,10,19,12,4,5,-1,0,0,3,3,0,1,1,1,0,Alakazam HP:140 En:1,Alakazam HP:140 En:1,ALAKAZAM_UP,True,LATE,False,False,False,False,DRAW,0.5
INITIAL_SET,28,130,12,22,9,3,5,-2,0,0,3,3,0,1,1,1,0,Alakazam HP:140 En:1,Alakazam HP:140 En:0,ALAKAZAM_UP,True,LATE,False,False,False,False,DRAW,0.5
INITIAL_SET,30,137,10,5,20,4,3,1,1,2,0,3,2,0,1,1,0,Kadabra HP:80 En:1,Alakazam HP:40 En:1,KADABRA_STAGE,False,LATE,False,False,False,False,DRAW,0.5
INITIAL_SET,29,103,12,11,13,5,4,1,0,0,3,3,0,2,1,1,0,Alakazam HP:140 En:1,Alakazam HP:140 En:1,ALAKAZAM_UP,True,LATE,False,False,False,False,DRAW,0.5
INITIAL_SET,29,129,14,14,10,4,3,1,0,0,2,2,0,2,1,1,0,Alakazam HP:140 En:1,Alakazam HP:140 En:1,ALAKAZAM_UP,True,LATE,False,False,False,False,DRAW,0.5
INITIAL_SET,37,57,6,4,40,6,4,2,3,0,0,3,1,0,1,1,0,Abra HP:50 En:1,Alakazam HP:130 En:1,ABRA_ONLY,False,MID,False,False,False,False,LOSS,0.0
INITIAL_SET,37,96,10,8,29,6,2,4,1,0,0,1,2,0,1,1,0,Abra HP:50 En:1,Alakazam HP:110 En:1,ABRA_ONLY,False,LATE,False,False,False,False,LOSS,0.0
INITIAL_SET,35,129,12,12,15,6,2,4,0,1,1,2,1,2,1,1,0,Alakazam HP:140 En:1,Alakazam HP:60 En:1,ALAKAZAM_UP,True,LATE,False,False,False,False,DRAW,0.5
INITIAL_SET,38,90,6,9,26,5,4,1,1,1,1,3,1,0,1,1,0,Alakazam HP:140 En:1,Alakazam HP:140 En:1,ALAKAZAM_UP,True,MID,False,False,False,False,WIN,1.0
INITIAL_SET,38,129,10,10,19,4,2,2,0,0,1,1,0,1,1,1,0,Alakazam HP:140 En:1,Alakazam HP:110 En:1,ALAKAZAM_UP,True,LATE,False,False,False,False,WIN,1.0
INITIAL_SET,39,67,6,10,26,6,6,0,0,1,2,3,1,1,1,1,0,Alakazam HP:110 En:1,Kadabra HP:50 En:1,ALAKAZAM_UP,True,MID,False,False,False,False,DRAW,0.5
INITIAL_SET,46,74,8,10,20,4,6,-2,0,1,3,4,2,0,1,1,0,Alakazam HP:140 En:1,Dunsparce HP:60 En:0,ALAKAZAM_UP,True,LATE,False,False,False,False,WIN,1.0
INITIAL_SET,46,89,10,12,14,3,6,-3,0,0,4,4,0,2,1,0,0,Alakazam HP:130 En:1,Abra HP:50 En:1,ALAKAZAM_UP,True,LATE,True,False,False,False,WIN,1.0
INITIAL_SET,41,43,4,7,36,6,6,0,2,1,1,4,0,0,1,1,0,Alakazam HP:140 En:1,Kadabra HP:80 En:0,ALAKAZAM_UP,True,MID,True,False,False,False,DRAW,0.5
INITIAL_SET,41,131,10,8,16,3,5,-2,1,0,3,4,2,0,1,1,0,Alakazam HP:20 En:1,Alakazam HP:140 En:0,ALAKAZAM_UP,True,LATE,False,False,False,False,DRAW,0.5
INITIAL_SET,41,145,12,11,13,2,4,-2,1,0,2,3,2,0,1,1,0,Alakazam HP:140 En:1,Alakazam HP:140 En:1,ALAKAZAM_UP,True,LATE,True,False,False,False,DRAW,0.5
INITIAL_SET,50,38,4,9,34,6,6,0,1,0,1,2,1,0,1,0,0,Alakazam HP:110 En:0,Kadabra HP:80 En:1,ALAKAZAM_UP,True,MID,False,False,False,False,WIN,1.0
INITIAL_SET,45,107,10,9,25,6,3,3,2,0,0,2,2,1,1,1,0,Abra HP:50 En:1,Alakazam HP:80 En:1,ABRA_ONLY,False,LATE,False,False,False,False,DRAW,0.5
INITIAL_SET,49,155,18,7,15,5,2,3,1,2,0,3,1,0,1,1,0,Kadabra HP:20 En:1,Alakazam HP:140 En:1,KADABRA_STAGE,False,LATE,False,False,False,False,DRAW,0.5
INITIAL_SET,48,44,4,9,38,6,6,0,1,1,0,2,0,0,1,1,0,Kadabra HP:80 En:1,Kadabra HP:80 En:0,KADABRA_STAGE,False,MID,False,False,False,False,DRAW,0.5
INITIAL_SET,48,117,10,8,23,5,3,2,0,1,0,1,2,1,1,1,0,Kadabra HP:80 En:1,Alakazam HP:110 En:1,KADABRA_STAGE,False,LATE,False,False,False,False,DRAW,0.5
INITIAL_SET,51,9,2,7,44,6,6,0,1,0,0,1,1,0,1,0,0,Dunsparce HP:60 En:0,Abra HP:50 En:0,ABRA_ONLY,False,EARLY,False,False,False,False,DRAW,0.5
INITIAL_SET,51,124,10,5,18,4,2,2,2,0,1,3,2,0,1,1,0,Alakazam HP:140 En:0,Alakazam HP:140 En:1,ALAKAZAM_UP,True,LATE,False,False,False,False,DRAW,0.5
INITIAL_SET,52,23,4,6,41,6,6,0,2,1,0,3,0,0,1,1,0,Kadabra HP:80 En:0,Kadabra HP:70 En:0,KADABRA_STAGE,False,MID,False,False,False,False,DRAW,0.5
INITIAL_SET,53,90,8,8,13,5,6,-1,0,1,3,4,2,0,1,1,0,Alakazam HP:140 En:1,Alakazam HP:140 En:0,ALAKAZAM_UP,True,LATE,False,False,False,False,WIN,1.0
INITIAL_SET,53,105,10,9,10,4,6,-2,0,1,3,4,0,2,1,1,0,Alakazam HP:110 En:1,Kadabra HP:80 En:1,ALAKAZAM_UP,True,LATE,False,False,False,False,WIN,1.0
INITIAL_SET,60,13,4,5,43,6,6,0,3,0,0,3,0,0,1,0,0,Abra HP:40 En:1,Abra HP:50 En:1,ABRA_ONLY,False,MID,False,False,False,False,WIN,1.0
INITIAL_SET,59,23,4,7,38,6,6,0,1,1,0,2,0,1,1,1,0,Kadabra HP:80 En:1,Dunsparce HP:60 En:0,KADABRA_STAGE,False,MID,False,False,False,False,WIN,1.0
INITIAL_SET,59,73,8,9,21,5,5,0,0,1,1,2,0,0,1,0,0,Alakazam HP:140 En:1,Dudunsparce HP:140 En:0,ALAKAZAM_UP,True,LATE,True,False,False,True,WIN,1.0
INITIAL_SET,55,144,14,11,15,5,2,3,0,0,1,1,0,2,1,1,0,Alakazam HP:60 En:0,Alakazam HP:140 En:1,ALAKAZAM_UP,True,LATE,False,False,False,False,DRAW,0.5
INITIAL_SET,56,71,6,8,28,6,5,1,2,0,1,3,0,0,1,1,0,Alakazam HP:140 En:1,Alakazam HP:140 En:1,ALAKAZAM_UP,True,MID,False,True,False,False,DRAW,0.5
INITIAL_SET,56,100,8,11,13,5,4,1,0,0,2,2,2,1,1,1,0,Alakazam HP:140 En:1,Alakazam HP:140 En:1,ALAKAZAM_UP,True,LATE,False,False,False,False,DRAW,0.5
INITIAL_SET,58,96,10,15,11,4,5,-1,1,0,3,4,0,2,1,1,0,Alakazam HP:140 En:1,Alakazam HP:140 En:1,ALAKAZAM_UP,True,LATE,True,False,False,False,DRAW,0.5
INITIAL_SET,61,9,2,7,45,6,6,0,1,0,0,1,1,0,1,1,0,Dunsparce HP:60 En:0,Dunsparce HP:70 En:0,ABRA_ONLY,False,EARLY,False,False,False,False,DRAW,0.5
INITIAL_SET,61,49,6,7,34,6,6,0,3,1,0,4,0,0,1,1,0,Kadabra HP:70 En:1,Abra HP:50 En:1,KADABRA_STAGE,False,MID,True,False,True,False,DRAW,0.5
INITIAL_SET,62,81,6,16,18,5,5,0,0,2,1,3,0,2,1,1,0,Alakazam HP:140 En:1,Alakazam HP:140 En:1,ALAKAZAM_UP,True,MID,True,False,True,False,DRAW,0.5
INITIAL_SET,67,24,4,10,37,6,6,0,0,2,0,2,0,0,1,1,0,Kadabra HP:80 En:0,Abra HP:50 En:0,KADABRA_STAGE,False,MID,True,False,False,False,DRAW,0.5
INITIAL_SET,67,44,6,11,34,6,6,0,0,2,0,2,0,0,1,1,0,Kadabra HP:50 En:1,Kadabra HP:50 En:1,KADABRA_STAGE,False,MID,True,False,True,False,DRAW,0.5
INITIAL_SET,72,121,10,6,13,5,3,2,0,0,2,2,1,0,1,1,0,Alakazam HP:140 En:1,Alakazam HP:140 En:1,ALAKAZAM_UP,True,LATE,False,False,False,False,DRAW,0.5
INITIAL_SET,72,145,12,9,14,4,2,2,0,0,1,1,1,0,1,1,0,Alakazam HP:140 En:1,Alakazam HP:140 En:1,ALAKAZAM_UP,True,LATE,False,False,False,False,DRAW,0.5
INITIAL_SET,72,158,14,10,12,3,2,1,0,0,1,1,0,1,1,1,0,Alakazam HP:110 En:1,Kadabra HP:80 En:1,ALAKAZAM_UP,True,LATE,False,False,False,False,DRAW,0.5
INITIAL_SET,71,139,10,5,12,5,2,3,1,0,2,3,2,0,1,1,0,Alakazam HP:140 En:1,Alakazam HP:140 En:1,ALAKAZAM_UP,True,LATE,False,False,False,False,DRAW,0.5
INITIAL_SET,75,11,2,5,42,6,6,0,4,0,0,4,1,0,1,1,0,Dunsparce HP:60 En:0,Dunsparce HP:70 En:0,ABRA_ONLY,False,EARLY,False,False,False,False,DRAW,0.5
INITIAL_SET,75,43,4,8,32,6,6,0,2,2,0,4,2,0,1,1,0,Kadabra HP:80 En:0,Alakazam HP:140 En:0,KADABRA_STAGE,False,MID,False,False,False,False,DRAW,0.5
INITIAL_SET,75,96,8,9,15,5,6,-1,2,0,2,4,0,0,1,1,0,Alakazam HP:140 En:1,Alakazam HP:140 En:0,ALAKAZAM_UP,True,LATE,True,False,False,False,DRAW,0.5
INITIAL_SET,73,80,8,10,23,5,6,-1,0,2,1,3,0,2,1,1,0,Alakazam HP:130 En:1,Kadabra HP:80 En:1,ALAKAZAM_UP,True,LATE,True,False,False,True,DRAW,0.5
INITIAL_SET,76,65,6,12,27,5,6,-1,0,2,1,3,3,0,1,1,0,Alakazam HP:130 En:1,Abra HP:50 En:1,ALAKAZAM_UP,True,MID,True,False,False,False,DRAW,0.5
INITIAL_SET,76,151,12,7,8,3,4,-1,1,1,1,3,0,1,1,1,0,Alakazam HP:140 En:1,Alakazam HP:60 En:1,ALAKAZAM_UP,True,LATE,False,False,False,False,DRAW,0.5
INITIAL_SET,81,116,14,6,30,6,1,5,2,0,0,2,0,0,1,1,0,Abra HP:50 En:1,Alakazam HP:90 En:1,ABRA_ONLY,False,LATE,False,False,False,False,LOSS,0.0
INITIAL_SET,77,123,10,7,17,5,3,2,0,0,1,1,2,1,1,1,0,Alakazam HP:140 En:0,Alakazam HP:110 En:1,ALAKAZAM_UP,True,LATE,False,False,False,False,DRAW,0.5
INITIAL_SET,80,89,8,8,31,6,4,2,1,2,0,3,1,0,1,1,0,Kadabra HP:50 En:1,Kadabra HP:70 En:1,KADABRA_STAGE,False,LATE,False,False,False,False,DRAW,0.5
INITIAL_SET,80,108,10,11,18,6,4,2,0,1,2,3,1,2,1,1,0,Alakazam HP:80 En:1,Kadabra HP:40 En:1,ALAKAZAM_UP,True,LATE,False,False,False,False,DRAW,0.5
INITIAL_SET,82,36,4,7,40,6,5,1,2,1,0,3,0,0,1,1,0,Abra HP:50 En:1,Alakazam HP:140 En:1,KADABRA_STAGE,False,MID,False,False,False,True,DRAW,0.5
INITIAL_SET,82,95,8,9,22,6,3,3,1,1,1,3,2,1,1,1,0,Alakazam HP:140 En:1,Alakazam HP:80 En:1,ALAKAZAM_UP,True,LATE,False,False,False,False,DRAW,0.5
INITIAL_SET,84,143,12,3,16,6,2,4,3,0,0,3,2,0,1,1,0,Abra HP:50 En:1,Alakazam HP:80 En:1,ABRA_ONLY,False,LATE,False,False,False,False,DRAW,0.5
INITIAL_SET,89,137,14,7,18,5,3,2,0,1,1,2,0,0,1,1,0,Alakazam HP:140 En:1,Alakazam HP:10 En:1,ALAKAZAM_UP,True,LATE,False,False,False,False,DRAW,0.5
INITIAL_SET,89,152,16,8,12,4,2,2,0,0,1,1,1,1,1,1,0,Alakazam HP:140 En:1,Alakazam HP:140 En:1,ALAKAZAM_UP,True,LATE,False,False,False,False,DRAW,0.5
INITIAL_SET,88,150,14,8,8,4,1,3,2,0,0,2,2,0,1,1,0,Abra HP:50 En:0,Alakazam HP:140 En:1,ABRA_ONLY,False,LATE,False,False,False,False,DRAW,0.5
INITIAL_SET,94,141,12,8,10,2,4,-2,0,1,1,2,1,1,1,1,0,Alakazam HP:140 En:1,Alakazam HP:140 En:1,ALAKAZAM_UP,True,LATE,False,False,False,False,WIN,1.0
INITIAL_SET,96,111,10,12,10,4,4,0,0,1,3,4,1,1,1,1,0,Alakazam HP:80 En:1,Kadabra HP:80 En:1,ALAKAZAM_UP,True,LATE,True,False,False,False,WIN,1.0
INITIAL_SET,96,154,16,15,2,1,4,-3,0,0,4,4,0,2,1,1,0,Alakazam HP:20 En:1,Abra HP:50 En:0,ALAKAZAM_UP,True,LATE,False,False,False,False,WIN,1.0
INITIAL_SET,95,153,14,8,8,3,2,1,0,0,1,1,2,0,1,1,0,Alakazam HP:60 En:1,Alakazam HP:140 En:1,ALAKAZAM_UP,True,LATE,False,False,False,False,DRAW,0.5
INITIAL_SET,91,107,8,10,17,5,4,1,1,0,2,3,1,2,1,1,0,Alakazam HP:140 En:1,Alakazam HP:140 En:1,ALAKAZAM_UP,True,LATE,False,False,False,False,DRAW,0.5
INITIAL_SET,99,16,2,6,41,6,6,0,3,0,0,3,1,0,1,1,0,Dunsparce HP:60 En:0,Abra HP:50 En:1,ABRA_ONLY,False,EARLY,False,False,False,False,DRAW,0.5
INITIAL_SET,99,130,14,8,19,4,2,2,1,1,0,2,2,0,1,1,0,Kadabra HP:80 En:1,Alakazam HP:110 En:1,KADABRA_STAGE,False,LATE,False,False,False,False,DRAW,0.5
INITIAL_SET,99,148,16,10,12,4,1,3,0,0,1,1,1,1,1,1,0,Alakazam HP:140 En:1,Alakazam HP:80 En:1,ALAKAZAM_UP,True,LATE,False,False,False,False,DRAW,0.5
INITIAL_SET,97,12,2,3,44,6,6,0,3,0,0,3,2,0,1,1,0,Dunsparce HP:60 En:0,Abra HP:50 En:0,ABRA_ONLY,False,EARLY,False,False,False,False,DRAW,0.5
INITIAL_SET,97,42,4,7,31,6,6,0,0,2,1,3,2,1,1,1,0,Alakazam HP:140 En:1,Kadabra HP:80 En:1,ALAKAZAM_UP,True,MID,False,False,False,False,DRAW,0.5
INITIAL_SET,97,109,8,9,12,4,4,0,1,0,2,3,1,1,1,1,0,Alakazam HP:140 En:1,Alakazam HP:140 En:1,ALAKAZAM_UP,True,LATE,True,False,False,False,DRAW,0.5
INITIAL_SET,100,14,2,6,45,6,6,0,1,0,0,1,1,0,1,1,0,Dunsparce HP:60 En:0,Dunsparce HP:60 En:0,ABRA_ONLY,False,EARLY,False,False,False,False,DRAW,0.5
INITIAL_SET,100,127,10,10,22,4,2,2,1,0,0,1,0,2,1,1,0,Abra HP:50 En:1,Alakazam HP:140 En:1,ABRA_ONLY,False,LATE,False,False,False,False,DRAW,0.5
INITIAL_SET,102,27,3,6,35,6,6,0,2,1,1,4,2,0,1,1,0,Alakazam HP:130 En:1,Abra HP:50 En:0,ALAKAZAM_UP,True,EARLY,False,False,False,False,DRAW,0.5
INITIAL_SET,101,20,3,9,40,6,6,0,1,0,1,2,1,0,1,1,0,Alakazam HP:140 En:0,Dunsparce HP:60 En:0,ALAKAZAM_UP,True,EARLY,False,False,False,False,WIN,1.0
INITIAL_SET,101,79,7,9,25,4,6,-2,0,1,3,4,1,1,1,1,0,Alakazam HP:130 En:1,Alakazam HP:140 En:0,ALAKAZAM_UP,True,MID,False,False,False,True,WIN,1.0
INITIAL_SET,101,113,9,10,18,3,5,-2,0,0,3,3,0,2,1,1,0,Alakazam HP:140 En:1,Alakazam HP:140 En:1,ALAKAZAM_UP,True,LATE,False,False,False,False,WIN,1.0
INITIAL_SET,101,150,13,13,13,1,3,-2,0,1,1,2,0,2,1,1,0,Alakazam HP:140 En:1,Alakazam HP:140 En:1,ALAKAZAM_UP,True,LATE,True,False,False,False,WIN,1.0
INITIAL_SET,107,129,13,10,20,5,2,3,0,0,1,1,2,1,1,1,0,Alakazam HP:140 En:0,Alakazam HP:140 En:1,ALAKAZAM_UP,True,LATE,False,False,False,False,DRAW,0.5
INITIAL_SET,109,24,3,7,38,6,6,0,3,1,0,4,1,0,1,1,0,Abra HP:50 En:1,Dunsparce HP:60 En:0,KADABRA_STAGE,False,EARLY,True,True,False,False,DRAW,0.5
INITIAL_SET,109,56,5,10,29,5,5,0,1,2,0,3,0,1,1,1,0,Kadabra HP:80 En:1,Alakazam HP:140 En:1,KADABRA_STAGE,False,MID,True,False,True,False,DRAW,0.5
INITIAL_SET,108,16,3,5,42,6,6,0,3,0,0,3,1,0,1,1,0,Dunsparce HP:70 En:0,Dunsparce HP:70 En:0,ABRA_ONLY,False,EARLY,False,False,False,False,DRAW,0.5
INITIAL_SET,108,146,11,13,13,3,3,0,0,0,2,2,0,2,1,1,0,Alakazam HP:140 En:1,Alakazam HP:140 En:1,ALAKAZAM_UP,True,LATE,False,False,False,False,DRAW,0.5
INITIAL_SET,110,82,9,6,21,5,5,0,0,1,2,3,1,0,1,1,0,Alakazam HP:130 En:1,Abra HP:40 En:1,ALAKAZAM_UP,True,LATE,False,False,False,False,DRAW,0.5
INITIAL_SET,115,53,5,14,25,5,6,-1,0,2,1,3,1,1,1,1,0,Alakazam HP:110 En:1,Kadabra HP:80 En:1,ALAKAZAM_UP,True,MID,True,False,False,False,WIN,1.0
INITIAL_SET,115,80,7,18,15,4,6,-2,0,0,3,3,1,2,1,1,0,Alakazam HP:100 En:1,Dunsparce HP:70 En:0,ALAKAZAM_UP,True,MID,True,False,False,False,WIN,1.0
INITIAL_SET,111,59,5,12,26,6,6,0,0,2,2,4,1,0,1,1,0,Alakazam HP:140 En:1,Kadabra HP:80 En:0,ALAKAZAM_UP,True,MID,True,False,False,False,DRAW,0.5
INITIAL_SET,111,84,7,13,23,5,5,0,0,2,1,3,0,1,1,1,0,Alakazam HP:140 En:1,Alakazam HP:140 En:1,ALAKAZAM_UP,True,MID,True,False,False,False,DRAW,0.5
INITIAL_SET,113,14,3,6,43,6,6,0,3,0,0,3,0,0,1,1,0,Abra HP:50 En:1,Dunsparce HP:60 En:0,ABRA_ONLY,False,EARLY,False,False,False,False,DRAW,0.5
INITIAL_SET,113,43,5,10,30,5,5,0,0,1,1,2,2,0,1,1,0,Alakazam HP:140 En:1,Alakazam HP:140 En:1,ALAKAZAM_UP,True,MID,True,False,False,True,DRAW,0.5
INITIAL_SET,112,137,11,13,12,6,4,2,1,1,2,4,0,2,1,1,0,Alakazam HP:60 En:1,Alakazam HP:100 En:1,ALAKAZAM_UP,True,LATE,False,False,False,False,DRAW,0.5
INITIAL_SET,121,21,3,8,42,6,6,0,0,1,0,1,1,0,1,1,0,Dunsparce HP:70 En:0,Dunsparce HP:60 En:0,KADABRA_STAGE,False,EARLY,False,False,False,False,LOSS,0.0
INITIAL_SET,118,40,5,7,38,6,6,0,3,0,0,3,1,0,1,1,0,Abra HP:40 En:0,Kadabra HP:80 En:0,ABRA_ONLY,False,MID,False,False,False,False,DRAW,0.5
INITIAL_SET,120,40,5,5,37,6,6,0,2,0,0,2,2,0,1,1,0,Abra HP:40 En:1,Abra HP:50 En:1,ABRA_ONLY,False,MID,False,False,False,False,DRAW,0.5
INITIAL_SET,120,49,7,9,33,6,6,0,2,0,0,2,1,0,1,1,0,Abra HP:40 En:1,Abra HP:40 En:1,ABRA_ONLY,False,MID,False,False,False,False,DRAW,0.5
INITIAL_SET,117,24,3,8,38,6,6,0,2,0,1,3,1,0,1,1,0,Alakazam HP:140 En:1,Abra HP:50 En:0,ALAKAZAM_UP,True,EARLY,True,False,False,False,WIN,1.0
INITIAL_SET,119,40,5,6,27,6,6,0,0,2,2,4,1,1,1,1,0,Alakazam HP:140 En:1,Dunsparce HP:70 En:0,ALAKAZAM_UP,True,MID,False,False,False,False,DRAW,0.5
INITIAL_SET,116,18,3,4,41,6,6,0,4,0,0,4,2,0,1,1,0,Dunsparce HP:60 En:0,Dunsparce HP:60 En:0,ABRA_ONLY,False,EARLY,False,False,False,False,DRAW,0.5
INITIAL_SET,116,108,9,9,21,6,4,2,0,1,1,2,1,1,1,1,0,Alakazam HP:140 En:1,Alakazam HP:120 En:1,ALAKAZAM_UP,True,LATE,False,False,False,False,DRAW,0.5
INITIAL_SET,129,38,5,7,30,6,6,0,3,0,1,4,1,1,1,0,0,Alakazam HP:140 En:1,Dunsparce HP:60 En:0,ALAKAZAM_UP,True,MID,False,False,False,False,WIN,1.0
INITIAL_SET,122,140,11,6,16,5,4,1,1,0,2,3,2,0,1,1,0,Alakazam HP:20 En:1,Alakazam HP:140 En:1,ALAKAZAM_UP,True,LATE,False,False,False,False,DRAW,0.5
INITIAL_SET,125,103,11,7,15,4,5,-1,0,2,1,3,0,2,1,1,0,Kadabra HP:30 En:1,Alakazam HP:140 En:1,ALAKAZAM_UP,False,LATE,False,False,False,False,WIN,1.0
INITIAL_SET,125,127,13,11,8,3,4,-1,0,1,1,2,1,2,1,1,0,Alakazam HP:140 En:1,Alakazam HP:140 En:1,ALAKAZAM_UP,True,LATE,False,False,False,False,WIN,1.0
INITIAL_SET,130,31,5,11,35,6,6,0,3,1,0,4,0,0,1,1,0,Kadabra HP:50 En:1,Kadabra HP:80 En:1,KADABRA_STAGE,False,MID,True,False,False,False,WIN,1.0
INITIAL_SET,123,23,3,8,41,6,6,0,3,0,0,3,1,0,1,1,0,Dunsparce HP:50 En:0,Abra HP:50 En:0,ABRA_ONLY,False,EARLY,True,False,False,False,DRAW,0.5
INITIAL_SET,123,112,11,9,18,6,4,2,0,0,1,1,2,0,1,1,0,Alakazam HP:110 En:1,Kadabra HP:60 En:1,ALAKAZAM_UP,True,LATE,False,False,False,False,DRAW,0.5
INITIAL_SET,126,23,3,6,35,6,6,0,3,1,0,4,0,0,1,1,0,Kadabra HP:70 En:1,Dunsparce HP:60 En:0,KADABRA_STAGE,False,EARLY,False,False,False,False,DRAW,0.5
INITIAL_SET,126,38,5,8,25,6,6,0,1,2,1,4,2,0,1,1,0,Kadabra HP:80 En:1,Dunsparce HP:30 En:0,ALAKAZAM_UP,False,MID,True,False,False,False,DRAW,0.5
INITIAL_SET,131,29,3,7,39,6,6,0,2,1,0,3,2,0,1,1,0,Kadabra HP:80 En:0,Dunsparce HP:70 En:0,KADABRA_STAGE,False,EARLY,True,False,False,False,DRAW,0.5
INITIAL_SET,131,51,5,7,32,6,6,0,2,2,0,4,0,1,1,1,0,Kadabra HP:80 En:1,Kadabra HP:80 En:0,KADABRA_STAGE,False,MID,False,False,False,False,DRAW,0.5
INITIAL_SET,131,78,7,8,27,6,5,1,1,2,0,3,0,1,1,1,0,Kadabra HP:80 En:1,Alakazam HP:110 En:1,KADABRA_STAGE,False,MID,False,False,False,False,DRAW,0.5
INITIAL_SET,132,153,15,16,11,4,3,1,0,1,2,3,0,2,1,1,0,Alakazam HP:60 En:1,Alakazam HP:140 En:1,ALAKAZAM_UP,True,LATE,False,False,False,False,DRAW,0.5
INITIAL_SET,136,26,3,7,38,6,6,0,2,2,0,4,2,0,1,1,0,Dunsparce HP:50 En:0,Abra HP:50 En:0,KADABRA_STAGE,False,EARLY,False,False,False,False,DRAW,0.5
INITIAL_SET,136,56,5,12,28,6,6,0,0,2,2,4,1,0,1,1,0,Kadabra HP:70 En:1,Kadabra HP:80 En:0,ALAKAZAM_UP,False,MID,True,False,True,False,DRAW,0.5
INITIAL_SET,134,129,11,8,23,5,3,2,1,0,0,1,1,1,1,1,0,Abra HP:50 En:1,Alakazam HP:100 En:1,ABRA_ONLY,False,LATE,False,False,False,False,DRAW,0.5
INITIAL_SET,134,154,13,12,12,5,3,2,1,0,1,2,1,1,1,1,0,Alakazam HP:140 En:1,Alakazam HP:70 En:1,ALAKAZAM_UP,True,LATE,False,False,False,False,DRAW,0.5
INITIAL_SET,138,20,3,5,40,6,6,0,3,0,1,4,1,0,1,1,0,Dunsparce HP:50 En:0,Abra HP:50 En:0,ALAKAZAM_UP,False,EARLY,False,False,False,False,DRAW,0.5
INITIAL_SET,139,80,7,16,19,4,6,-2,0,1,3,4,1,1,1,1,0,Alakazam HP:80 En:1,Kadabra HP:80 En:1,ALAKAZAM_UP,True,MID,True,False,False,False,WIN,1.0
INITIAL_SET,137,120,9,12,16,4,4,0,0,1,2,3,0,2,1,1,0,Alakazam HP:140 En:1,Alakazam HP:140 En:1,ALAKAZAM_UP,True,LATE,False,False,False,False,DRAW,0.5
INITIAL_SET,137,143,11,14,10,3,3,0,0,0,2,2,0,2,1,1,0,Alakazam HP:140 En:1,Alakazam HP:140 En:1,ALAKAZAM_UP,True,LATE,False,False,False,False,DRAW,0.5
INITIAL_SET,143,64,5,6,21,6,6,0,0,2,2,4,2,0,1,1,0,Alakazam HP:140 En:1,Alakazam HP:140 En:0,ALAKAZAM_UP,True,MID,False,False,False,False,DRAW,0.5
INITIAL_SET,140,117,9,9,20,6,4,2,2,1,1,4,0,2,1,1,0,Alakazam HP:140 En:1,Alakazam HP:100 En:1,ALAKAZAM_UP,True,LATE,False,False,False,False,DRAW,0.5
INITIAL_SET,147,32,5,7,39,6,6,0,0,0,1,1,0,1,1,1,0,Alakazam HP:140 En:0,Abra HP:50 En:0,ALAKAZAM_UP,True,MID,False,False,False,False,WIN,1.0
INITIAL_SET,147,86,11,7,19,3,6,-3,1,1,2,4,1,0,1,1,0,Alakazam HP:110 En:1,Abra HP:50 En:0,ALAKAZAM_UP,True,LATE,True,False,False,False,WIN,1.0
INITIAL_SET,144,48,5,4,36,6,6,0,2,0,1,3,1,0,1,1,0,Alakazam HP:110 En:1,Kadabra HP:80 En:1,ALAKAZAM_UP,True,MID,False,False,False,False,DRAW,0.5
INITIAL_SET,144,152,11,9,14,4,3,1,1,0,1,2,2,0,1,1,0,Alakazam HP:140 En:0,Alakazam HP:20 En:1,ALAKAZAM_UP,True,LATE,False,False,False,False,DRAW,0.5
INITIAL_SET,148,93,9,14,19,6,5,1,0,1,2,3,2,1,1,1,0,Alakazam HP:100 En:1,Alakazam HP:110 En:1,ALAKAZAM_UP,True,LATE,False,False,False,False,DRAW,0.5
INITIAL_SET,150,154,13,21,3,1,4,-3,0,0,3,3,0,2,1,1,0,Alakazam HP:110 En:1,Kadabra HP:80 En:1,ALAKAZAM_UP,True,LATE,True,False,True,False,WIN,1.0
INITIAL_SET,151,134,13,4,19,5,2,3,0,0,0,0,0,2,1,1,0,Dudunsparce HP:140 En:0,Alakazam HP:110 En:1,NO_LINE,False,LATE,False,False,False,False,LOSS,0.0
INITIAL_SET,146,22,3,10,40,6,6,0,0,1,0,1,1,0,1,1,0,Kadabra HP:80 En:0,Dunsparce HP:60 En:0,KADABRA_STAGE,False,EARLY,False,False,False,False,DRAW,0.5
INITIAL_SET,146,112,9,14,17,5,3,2,1,1,1,3,1,2,1,1,0,Alakazam HP:140 En:1,Alakazam HP:140 En:1,ALAKAZAM_UP,True,LATE,False,False,False,False,DRAW,0.5
INITIAL_SET,149,24,3,7,39,6,6,0,4,0,0,4,0,1,1,1,0,Abra HP:50 En:1,Dunsparce HP:60 En:0,ABRA_ONLY,False,EARLY,False,False,False,False,DRAW,0.5
INITIAL_SET,153,28,3,7,39,6,6,0,4,0,0,4,0,0,1,1,0,Abra HP:50 En:1,Abra HP:50 En:0,ABRA_ONLY,False,EARLY,False,False,False,False,LOSS,0.0
INITIAL_SET,153,100,11,5,19,6,3,3,0,0,1,1,3,0,1,1,0,Alakazam HP:140 En:1,Alakazam HP:60 En:1,ALAKAZAM_UP,True,LATE,False,False,False,False,LOSS,0.0
INITIAL_SET,154,111,9,5,24,5,4,1,2,1,1,4,2,0,1,1,0,Alakazam HP:140 En:1,Alakazam HP:140 En:1,ALAKAZAM_UP,True,LATE,False,False,False,False,DRAW,0.5
INITIAL_SET,152,54,5,12,19,6,6,0,0,2,2,4,1,1,1,1,0,Alakazam HP:140 En:1,Alakazam HP:110 En:0,ALAKAZAM_UP,True,MID,True,False,False,False,DRAW,0.5
INITIAL_SET,156,52,5,5,34,6,6,0,1,1,1,3,1,0,1,1,0,Alakazam HP:40 En:0,Alakazam HP:140 En:1,ALAKAZAM_UP,True,MID,True,False,False,False,DRAW,0.5
INITIAL_SET,156,114,9,9,21,6,4,2,0,2,0,2,3,0,1,1,0,Kadabra HP:80 En:0,Alakazam HP:40 En:1,KADABRA_STAGE,False,LATE,False,False,False,False,DRAW,0.5
INITIAL_SET,155,108,9,6,14,4,5,-1,0,2,1,3,3,0,1,1,0,Alakazam HP:130 En:1,Alakazam HP:140 En:1,ALAKAZAM_UP,True,LATE,False,False,False,False,DRAW,0.5
INITIAL_SET,159,132,11,9,7,3,5,-2,0,0,3,3,1,0,1,1,0,Alakazam HP:60 En:1,Alakazam HP:140 En:1,ALAKAZAM_UP,True,LATE,False,False,False,False,DRAW,0.5
INITIAL_SET,161,120,11,11,16,4,5,-1,1,1,2,4,1,1,1,1,0,Alakazam HP:140 En:1,Alakazam HP:140 En:0,ALAKAZAM_UP,True,LATE,True,False,False,False,DRAW,0.5
INITIAL_SET,161,138,13,13,12,3,4,-1,0,2,1,3,1,1,1,1,0,Alakazam HP:40 En:1,Alakazam HP:140 En:1,ALAKAZAM_UP,True,LATE,True,False,True,True,DRAW,0.5
INITIAL_SET,163,114,11,15,16,3,5,-2,0,0,3,3,0,2,1,1,0,Alakazam HP:110 En:1,Abra HP:50 En:1,ALAKAZAM_UP,True,LATE,False,False,False,False,WIN,1.0
INITIAL_SET,166,22,3,7,39,6,6,0,3,1,0,4,0,0,1,1,0,Abra HP:50 En:1,Dunsparce HP:70 En:0,KADABRA_STAGE,False,EARLY,False,False,False,False,LOSS,0.0
INITIAL_SET,171,41,5,6,25,6,6,0,0,2,1,3,0,1,1,0,0,Alakazam HP:140 En:1,Dudunsparce HP:110 En:0,ALAKAZAM_UP,True,MID,False,False,False,False,WIN,1.0
INITIAL_SET,162,40,5,9,33,6,6,0,2,1,0,3,1,1,1,1,0,Kadabra HP:50 En:1,Kadabra HP:70 En:1,KADABRA_STAGE,False,MID,False,False,False,False,DRAW,0.5
INITIAL_SET,162,84,7,9,22,6,5,1,1,1,1,3,0,2,1,1,0,Alakazam HP:140 En:1,Alakazam HP:100 En:1,ALAKAZAM_UP,True,MID,False,False,False,False,DRAW,0.5
INITIAL_SET,167,50,7,6,35,6,6,0,3,0,1,4,0,0,1,1,0,Alakazam HP:140 En:0,Alakazam HP:140 En:0,ALAKAZAM_UP,True,MID,False,False,False,False,DRAW,0.5
INITIAL_SET,167,80,9,11,19,5,6,-1,0,1,3,4,2,0,1,1,0,Alakazam HP:130 En:1,Abra HP:50 En:0,ALAKAZAM_UP,True,LATE,False,False,False,False,DRAW,0.5
INITIAL_SET,165,110,9,18,13,4,4,0,0,0,2,2,1,2,1,1,0,Alakazam HP:140 En:0,Alakazam HP:140 En:1,ALAKAZAM_UP,True,LATE,True,False,False,True,DRAW,0.5
INITIAL_SET,168,27,3,7,36,6,6,0,2,1,1,4,1,0,1,1,0,Dunsparce HP:60 En:0,Dunsparce HP:60 En:0,ALAKAZAM_UP,False,EARLY,False,False,False,False,DRAW,0.5
INITIAL_SET,168,55,5,8,32,5,6,-1,2,1,1,4,1,1,1,1,0,Alakazam HP:110 En:1,Kadabra HP:80 En:1,ALAKAZAM_UP,True,MID,False,False,False,False,DRAW,0.5
INITIAL_SET,170,13,3,4,41,6,6,0,3,0,0,3,2,0,1,0,0,Dunsparce HP:60 En:0,Abra HP:50 En:1,ABRA_ONLY,False,EARLY,False,False,False,False,DRAW,0.5
INITIAL_SET,170,77,7,8,23,6,4,2,1,1,1,3,1,1,1,1,0,Alakazam HP:140 En:1,Alakazam HP:100 En:1,ALAKAZAM_UP,True,MID,False,False,False,False,DRAW,0.5
INITIAL_SET,170,118,9,10,11,5,4,1,0,1,2,3,2,0,1,1,0,Alakazam HP:110 En:1,Kadabra HP:80 En:1,ALAKAZAM_UP,True,LATE,False,False,False,False,DRAW,0.5
INITIAL_SET,173,64,5,10,24,6,6,0,0,2,2,4,1,0,1,1,0,Alakazam HP:110 En:1,Kadabra HP:80 En:1,ALAKAZAM_UP,True,MID,True,False,True,False,DRAW,0.5
INITIAL_SET,173,147,11,6,7,3,4,-1,0,0,3,3,1,0,1,1,0,Alakazam HP:40 En:1,Alakazam HP:140 En:1,ALAKAZAM_UP,True,LATE,False,False,False,False,DRAW,0.5
INITIAL_SET,174,55,5,9,30,6,5,1,1,2,0,3,1,1,1,1,0,Kadabra HP:80 En:1,Alakazam HP:140 En:1,KADABRA_STAGE,False,MID,False,False,False,False,DRAW,0.5
INITIAL_SET,175,40,3,7,32,6,6,0,2,2,0,4,2,0,1,1,0,Kadabra HP:80 En:1,Abra HP:50 En:0,KADABRA_STAGE,False,EARLY,False,False,False,False,DRAW,0.5
INITIAL_SET,175,91,7,15,13,5,5,0,0,0,3,3,0,2,1,1,0,Alakazam HP:130 En:1,Alakazam HP:140 En:1,ALAKAZAM_UP,True,MID,True,False,True,False,DRAW,0.5
INITIAL_SET,177,20,3,7,44,6,6,0,2,0,0,2,0,0,1,1,0,Abra HP:50 En:0,Dunsparce HP:60 En:0,ABRA_ONLY,False,EARLY,False,False,False,False,DRAW,0.5
INITIAL_SET,176,43,5,7,40,6,6,0,4,0,0,4,0,0,1,1,0,Abra HP:20 En:1,Kadabra HP:80 En:1,ABRA_ONLY,False,MID,False,False,False,False,DRAW,0.5
INITIAL_SET,176,153,13,10,7,3,3,0,0,0,2,2,0,2,1,1,0,Alakazam HP:140 En:1,Alakazam HP:140 En:1,ALAKAZAM_UP,True,LATE,False,False,False,False,DRAW,0.5
INITIAL_SET,178,84,9,15,14,5,6,-1,0,1,2,3,1,2,1,1,0,Alakazam HP:80 En:1,Kadabra HP:80 En:1,ALAKAZAM_UP,True,LATE,False,False,False,True,DRAW,0.5
INITIAL_SET,179,16,3,7,40,6,6,0,2,1,0,3,1,0,1,1,0,Dunsparce HP:70 En:0,Abra HP:50 En:0,KADABRA_STAGE,False,EARLY,False,False,False,False,DRAW,0.5
INITIAL_SET,179,40,5,9,34,6,6,0,1,2,0,3,0,1,1,1,0,Kadabra HP:80 En:0,Alakazam HP:140 En:0,KADABRA_STAGE,False,MID,False,False,False,False,DRAW,0.5
INITIAL_SET,179,118,11,12,9,4,3,1,0,0,2,2,2,0,1,1,0,Alakazam HP:140 En:1,Alakazam HP:140 En:1,ALAKAZAM_UP,True,LATE,True,False,False,False,DRAW,0.5
INITIAL_SET,181,29,3,10,35,6,6,0,2,2,0,4,0,0,1,1,0,Kadabra HP:80 En:1,Dunsparce HP:70 En:0,KADABRA_STAGE,False,EARLY,False,False,False,False,DRAW,0.5
INITIAL_SET,183,88,9,7,34,5,4,1,2,0,0,2,0,0,1,1,0,Abra HP:50 En:1,Alakazam HP:120 En:1,ABRA_ONLY,False,LATE,False,False,False,False,LOSS,0.0
INITIAL_SET,183,131,13,8,19,4,2,2,3,0,0,3,0,2,1,1,0,Abra HP:50 En:1,Alakazam HP:140 En:1,ABRA_ONLY,False,LATE,False,False,False,False,LOSS,0.0
INITIAL_SET,182,24,3,6,42,6,6,0,4,0,0,4,0,0,1,1,0,Abra HP:40 En:1,Abra HP:50 En:0,ABRA_ONLY,False,EARLY,False,False,False,False,DRAW,0.5
INITIAL_SET,182,54,5,8,37,6,6,0,3,1,0,4,0,0,1,1,0,Kadabra HP:50 En:1,Kadabra HP:70 En:1,KADABRA_STAGE,False,MID,False,False,False,False,DRAW,0.5
INITIAL_SET,182,127,9,15,14,4,4,0,0,1,2,3,0,2,1,1,0,Alakazam HP:140 En:1,Alakazam HP:140 En:1,ALAKAZAM_UP,True,LATE,False,False,False,False,DRAW,0.5
INITIAL_SET,184,59,7,9,24,5,5,0,1,0,2,3,1,1,1,1,0,Alakazam HP:140 En:0,Alakazam HP:140 En:1,ALAKAZAM_UP,True,MID,True,False,True,True,DRAW,0.5
INITIAL_SET,184,92,9,9,20,4,4,0,1,1,1,3,0,2,1,1,0,Alakazam HP:140 En:1,Alakazam HP:140 En:1,ALAKAZAM_UP,True,LATE,True,False,True,False,DRAW,0.5
INITIAL_SET,186,29,3,12,32,6,6,0,0,2,1,3,0,0,1,1,0,Alakazam HP:140 En:1,Dunsparce HP:60 En:0,ALAKAZAM_UP,True,EARLY,True,False,False,False,WIN,1.0
INITIAL_SET,186,117,13,7,8,2,5,-3,0,1,2,3,0,2,1,1,0,Alakazam HP:110 En:1,Dunsparce HP:60 En:0,ALAKAZAM_UP,True,LATE,False,False,False,False,WIN,1.0
INITIAL_SET,185,23,3,8,37,6,6,0,1,1,1,3,1,0,1,1,0,Alakazam HP:140 En:1,Dunsparce HP:70 En:0,ALAKAZAM_UP,True,EARLY,True,False,False,False,DRAW,0.5
INITIAL_SET,185,82,7,8,13,4,6,-2,0,1,3,4,1,0,1,1,0,Alakazam HP:120 En:1,Abra HP:50 En:1,ALAKAZAM_UP,True,MID,False,False,False,False,DRAW,0.5
INITIAL_SET,187,66,5,7,18,6,6,0,0,2,2,4,0,2,1,1,0,Alakazam HP:110 En:1,Kadabra HP:80 En:1,ALAKAZAM_UP,True,MID,False,False,False,False,DRAW,0.5
INITIAL_SET,189,49,5,10,24,6,6,0,0,2,2,4,2,0,1,1,0,Alakazam HP:130 En:1,Kadabra HP:80 En:0,ALAKAZAM_UP,True,MID,False,False,False,False,DRAW,0.5
INITIAL_SET,189,137,13,7,14,3,3,0,0,1,0,1,2,0,1,1,0,Kadabra HP:80 En:1,Alakazam HP:140 En:1,KADABRA_STAGE,False,LATE,False,False,False,False,DRAW,0.5
INITIAL_SET,188,26,3,9,33,6,6,0,1,2,1,4,1,0,1,1,0,Alakazam HP:130 En:1,Abra HP:50 En:0,ALAKAZAM_UP,True,EARLY,False,False,False,False,DRAW,0.5
INITIAL_SET,191,30,3,10,33,6,6,0,1,2,0,3,1,0,1,1,0,Kadabra HP:80 En:1,Dunsparce HP:60 En:0,KADABRA_STAGE,False,EARLY,False,False,False,False,DRAW,0.5
INITIAL_SET,190,75,7,7,37,6,5,1,3,1,0,4,0,0,1,1,0,Abra HP:50 En:1,Alakazam HP:130 En:1,KADABRA_STAGE,False,MID,False,False,False,False,DRAW,0.5
INITIAL_SET,190,138,11,9,11,5,3,2,0,1,2,3,1,0,1,1,0,Alakazam HP:140 En:1,Alakazam HP:140 En:1,ALAKAZAM_UP,True,LATE,False,False,False,False,DRAW,0.5
INITIAL_SET,192,28,3,8,34,6,6,0,2,2,0,4,0,1,1,1,0,Kadabra HP:80 En:0,Dunsparce HP:70 En:0,KADABRA_STAGE,False,EARLY,False,False,False,False,DRAW,0.5
INITIAL_SET,192,108,9,6,12,5,4,1,0,0,2,2,2,0,1,1,0,Alakazam HP:140 En:1,Alakazam HP:20 En:1,ALAKAZAM_UP,True,LATE,False,False,False,False,DRAW,0.5
INITIAL_SET,196,36,5,9,30,5,6,-1,1,2,1,4,0,1,1,0,0,Alakazam HP:130 En:1,Abra HP:50 En:1,ALAKAZAM_UP,True,MID,True,False,False,False,WIN,1.0
INITIAL_SET,194,72,5,11,13,5,6,-1,0,0,4,4,2,0,1,1,0,Alakazam HP:140 En:1,Kadabra HP:80 En:0,ALAKAZAM_UP,True,MID,False,False,False,False,DRAW,0.5
INITIAL_SET,193,56,5,15,22,6,6,0,0,0,3,3,1,1,1,1,0,Alakazam HP:110 En:1,Kadabra HP:80 En:1,ALAKAZAM_UP,True,MID,True,False,True,False,DRAW,0.5
INITIAL_SET,193,147,11,11,8,3,3,0,0,1,1,2,0,2,1,1,0,Alakazam HP:140 En:1,Alakazam HP:140 En:1,ALAKAZAM_UP,True,LATE,False,False,False,False,DRAW,0.5
INITIAL_SET,195,57,5,8,31,6,5,1,2,1,0,3,3,0,1,1,0,Abra HP:50 En:1,Alakazam HP:110 En:1,KADABRA_STAGE,False,MID,False,False,False,False,DRAW,0.5
INITIAL_SET,195,150,13,14,9,4,2,2,0,1,2,3,0,3,1,1,0,Alakazam HP:80 En:1,Alakazam HP:140 En:1,ALAKAZAM_UP,True,LATE,False,False,False,False,DRAW,0.5
INITIAL_SET,197,64,5,10,27,6,5,1,0,2,1,3,1,1,1,1,0,Alakazam HP:140 En:1,Alakazam HP:140 En:1,ALAKAZAM_UP,True,MID,False,False,False,False,DRAW,0.5
INITIAL_SET,197,92,7,13,21,5,5,0,0,1,2,3,0,2,1,1,0,Alakazam HP:110 En:1,Kadabra HP:80 En:1,ALAKAZAM_UP,True,MID,True,False,False,False,DRAW,0.5
INITIAL_SET,200,123,9,12,14,5,4,1,0,1,1,2,2,1,1,1,0,Alakazam HP:140 En:1,Alakazam HP:140 En:1,ALAKAZAM_UP,True,LATE,False,False,False,False,DRAW,0.5
CONFIRMATION_SET,201,14,2,6,43,6,6,0,3,0,0,3,0,0,1,1,0,Abra HP:50 En:1,Abra HP:50 En:1,ABRA_ONLY,False,EARLY,False,False,False,False,DRAW,0.5
CONFIRMATION_SET,201,94,10,8,30,6,3,3,2,0,0,2,0,0,1,1,0,Abra HP:50 En:1,Alakazam HP:80 En:1,ABRA_ONLY,False,LATE,False,False,False,False,DRAW,0.5
CONFIRMATION_SET,203,157,14,12,9,3,3,0,0,2,1,3,1,2,1,1,0,Alakazam HP:140 En:1,Kadabra HP:80 En:0,ALAKAZAM_UP,True,LATE,False,False,False,False,DRAW,0.5
CONFIRMATION_SET,204,125,10,12,19,4,3,1,1,0,1,2,0,2,1,1,0,Alakazam HP:140 En:1,Alakazam HP:140 En:1,ALAKAZAM_UP,True,LATE,True,False,False,False,DRAW,0.5
CONFIRMATION_SET,205,9,2,6,44,6,6,0,3,0,0,3,0,0,1,1,0,Abra HP:50 En:0,Abra HP:50 En:0,ABRA_ONLY,False,EARLY,False,False,False,False,DRAW,0.5
CONFIRMATION_SET,205,88,8,8,21,6,4,2,0,2,1,3,0,1,1,1,0,Alakazam HP:140 En:1,Alakazam HP:70 En:1,ALAKAZAM_UP,True,LATE,True,False,False,False,DRAW,0.5
CONFIRMATION_SET,205,127,10,12,13,5,3,2,0,1,1,2,1,1,1,1,0,Alakazam HP:140 En:0,Alakazam HP:140 En:1,ALAKAZAM_UP,True,LATE,True,False,False,False,DRAW,0.5
CONFIRMATION_SET,206,76,8,9,20,4,5,-1,0,1,3,4,1,0,1,1,0,Alakazam HP:20 En:1,Alakazam HP:140 En:1,ALAKAZAM_UP,True,LATE,False,False,False,False,WIN,1.0
CONFIRMATION_SET,206,102,10,11,17,3,4,-1,0,1,2,3,1,0,1,1,0,Alakazam HP:140 En:1,Alakazam HP:140 En:1,ALAKAZAM_UP,True,LATE,True,False,False,False,WIN,1.0
CONFIRMATION_SET,206,129,12,12,12,2,3,-1,1,0,2,3,1,1,1,1,0,Alakazam HP:140 En:1,Alakazam HP:140 En:1,ALAKAZAM_UP,True,LATE,True,False,True,True,WIN,1.0
CONFIRMATION_SET,207,38,4,11,33,6,6,0,2,2,0,4,0,0,1,1,0,Kadabra HP:80 En:1,Alakazam HP:140 En:0,KADABRA_STAGE,False,MID,False,False,False,False,DRAW,0.5
CONFIRMATION_SET,207,73,6,15,20,6,5,1,0,1,2,3,2,0,1,1,0,Alakazam HP:140 En:1,Alakazam HP:110 En:1,ALAKAZAM_UP,True,MID,True,False,True,False,DRAW,0.5
CONFIRMATION_SET,208,67,6,6,37,6,5,1,3,1,0,4,1,0,1,1,0,Kadabra HP:80 En:0,Alakazam HP:140 En:1,KADABRA_STAGE,False,MID,False,False,False,False,DRAW,0.5
CONFIRMATION_SET,209,34,4,9,41,6,6,0,1,0,0,1,1,0,1,1,0,Abra HP:50 En:1,Kadabra HP:80 En:1,ABRA_ONLY,False,MID,True,False,False,False,DRAW,0.5
CONFIRMATION_SET,209,133,12,10,14,6,2,4,0,0,1,1,1,1,1,1,0,Alakazam HP:140 En:1,Alakazam HP:80 En:1,ALAKAZAM_UP,True,LATE,False,False,False,False,DRAW,0.5
CONFIRMATION_SET,209,145,14,11,11,5,2,3,1,0,1,2,1,1,1,1,0,Alakazam HP:40 En:1,Alakazam HP:140 En:1,ALAKAZAM_UP,True,LATE,False,False,False,False,DRAW,0.5
CONFIRMATION_SET,209,159,16,12,11,4,1,3,0,0,1,1,0,2,1,1,0,Alakazam HP:140 En:1,Alakazam HP:140 En:1,ALAKAZAM_UP,True,LATE,False,False,False,False,DRAW,0.5
CONFIRMATION_SET,210,10,2,6,45,6,6,0,2,0,0,2,0,0,1,1,0,Abra HP:50 En:0,Abra HP:50 En:0,ABRA_ONLY,False,EARLY,False,False,False,False,LOSS,0.0
CONFIRMATION_SET,210,38,4,7,39,6,5,1,1,1,0,2,0,0,1,1,0,Abra HP:50 En:1,Alakazam HP:130 En:1,KADABRA_STAGE,False,MID,False,False,False,False,LOSS,0.0
CONFIRMATION_SET,210,146,12,3,15,4,1,3,1,0,0,1,1,0,1,1,0,Abra HP:50 En:1,Alakazam HP:110 En:1,ABRA_ONLY,False,LATE,False,False,False,False,LOSS,0.0
CONFIRMATION_SET,211,105,8,8,29,6,3,3,1,0,1,2,0,1,1,1,0,Alakazam HP:140 En:0,Alakazam HP:140 En:1,ALAKAZAM_UP,True,LATE,False,False,False,False,DRAW,0.5
CONFIRMATION_SET,213,13,2,5,45,6,6,0,1,0,0,1,2,0,1,1,0,Dunsparce HP:70 En:0,Abra HP:50 En:0,ABRA_ONLY,False,EARLY,False,False,False,False,DRAW,0.5
CONFIRMATION_SET,214,154,12,14,7,3,2,1,1,1,1,3,0,2,1,1,0,Alakazam HP:140 En:1,Alakazam HP:140 En:1,ALAKAZAM_UP,True,LATE,False,False,False,False,DRAW,0.5
CONFIRMATION_SET,215,103,8,10,25,5,3,2,0,0,1,1,1,1,1,1,0,Alakazam HP:140 En:0,Alakazam HP:140 En:1,ALAKAZAM_UP,True,LATE,False,False,False,False,DRAW,0.5
CONFIRMATION_SET,215,150,12,13,12,4,1,3,2,0,1,3,2,0,1,1,0,Alakazam HP:140 En:1,Alakazam HP:130 En:1,ALAKAZAM_UP,True,LATE,True,False,False,False,DRAW,0.5
CONFIRMATION_SET,217,133,12,15,11,3,2,1,0,1,0,1,2,1,1,1,0,Kadabra HP:80 En:1,Alakazam HP:140 En:1,KADABRA_STAGE,False,LATE,True,False,False,False,DRAW,0.5
CONFIRMATION_SET,218,83,6,7,28,6,4,2,0,1,1,2,2,1,1,1,0,Kadabra HP:80 En:1,Alakazam HP:100 En:1,ALAKAZAM_UP,False,MID,False,False,False,False,DRAW,0.5
CONFIRMATION_SET,218,126,10,9,13,5,2,3,0,1,1,2,0,3,1,1,0,Alakazam HP:140 En:1,Alakazam HP:140 En:1,ALAKAZAM_UP,True,LATE,False,False,False,False,DRAW,0.5
CONFIRMATION_SET,220,51,4,9,31,6,6,0,0,2,1,3,2,1,1,1,0,Kadabra HP:80 En:0,Kadabra HP:80 En:0,ALAKAZAM_UP,False,MID,False,False,False,False,DRAW,0.5
CONFIRMATION_SET,221,67,8,12,21,5,6,-1,0,2,1,3,1,1,1,1,0,Kadabra HP:70 En:1,Abra HP:50 En:1,ALAKAZAM_UP,False,LATE,True,False,False,True,WIN,1.0
CONFIRMATION_SET,221,85,10,16,10,4,6,-2,0,0,3,3,1,2,1,0,0,Alakazam HP:120 En:1,Abra HP:50 En:1,ALAKAZAM_UP,True,LATE,True,False,False,True,WIN,1.0
CONFIRMATION_SET,222,56,4,10,28,6,6,0,0,1,2,3,2,0,1,1,0,Alakazam HP:140 En:1,Kadabra HP:80 En:1,ALAKAZAM_UP,True,MID,False,False,False,False,DRAW,0.5
CONFIRMATION_SET,223,50,6,5,35,6,6,0,2,0,1,3,1,0,1,1,0,Alakazam HP:130 En:1,Kadabra HP:50 En:0,ALAKAZAM_UP,True,MID,False,False,False,False,DRAW,0.5
CONFIRMATION_SET,223,146,12,13,13,3,3,0,1,0,2,3,0,2,1,1,0,Alakazam HP:140 En:1,Alakazam HP:140 En:1,ALAKAZAM_UP,True,LATE,False,False,False,False,DRAW,0.5
CONFIRMATION_SET,223,160,14,15,9,2,3,-1,0,1,2,3,0,2,1,1,0,Alakazam HP:140 En:1,Kadabra HP:80 En:0,ALAKAZAM_UP,True,LATE,True,False,False,False,DRAW,0.5
CONFIRMATION_SET,224,103,8,8,30,6,3,3,0,2,0,2,1,1,1,1,0,Kadabra HP:80 En:1,Alakazam HP:120 En:1,KADABRA_STAGE,False,LATE,False,False,False,False,DRAW,0.5
CONFIRMATION_SET,224,115,10,12,24,6,2,4,0,1,1,2,1,0,1,1,0,Alakazam HP:140 En:1,Alakazam HP:90 En:1,ALAKAZAM_UP,True,LATE,False,False,False,False,DRAW,0.5
CONFIRMATION_SET,225,7,2,6,46,6,6,0,0,0,0,0,2,0,1,1,0,Dunsparce HP:70 En:0,Abra HP:50 En:0,NO_LINE,False,EARLY,False,False,False,False,WIN,1.0
CONFIRMATION_SET,227,103,8,8,23,6,4,2,0,2,0,2,0,1,1,1,0,Kadabra HP:80 En:1,Alakazam HP:140 En:1,KADABRA_STAGE,False,LATE,False,False,False,False,DRAW,0.5
CONFIRMATION_SET,228,73,6,12,26,6,5,1,1,1,1,3,1,1,1,1,0,Alakazam HP:140 En:1,Alakazam HP:140 En:1,ALAKAZAM_UP,True,MID,False,False,False,False,DRAW,0.5
CONFIRMATION_SET,229,97,8,4,25,5,5,0,3,0,1,4,2,0,1,1,0,Alakazam HP:80 En:1,Alakazam HP:140 En:1,ALAKAZAM_UP,True,LATE,False,False,False,False,DRAW,0.5
CONFIRMATION_SET,229,136,10,13,10,4,4,0,1,0,2,3,0,1,1,1,0,Alakazam HP:110 En:1,Alakazam HP:140 En:1,ALAKAZAM_UP,True,LATE,True,False,False,True,DRAW,0.5
CONFIRMATION_SET,230,11,2,6,45,6,6,0,1,0,0,1,1,0,1,1,0,Dunsparce HP:60 En:0,Abra HP:50 En:1,ABRA_ONLY,False,EARLY,False,False,False,False,WIN,1.0
CONFIRMATION_SET,230,33,4,6,32,6,6,0,1,2,1,4,1,0,1,1,0,Dunsparce HP:50 En:0,Kadabra HP:80 En:0,ALAKAZAM_UP,False,MID,True,False,False,False,WIN,1.0
CONFIRMATION_SET,233,102,8,14,19,4,4,0,2,0,1,3,1,2,1,1,0,Alakazam HP:140 En:1,Alakazam HP:140 En:1,ALAKAZAM_UP,True,LATE,True,False,False,False,DRAW,0.5
CONFIRMATION_SET,234,158,12,17,8,4,3,1,1,0,1,2,0,2,1,1,0,Alakazam HP:140 En:1,Alakazam HP:130 En:1,ALAKAZAM_UP,True,LATE,False,False,False,False,DRAW,0.5
CONFIRMATION_SET,235,16,2,7,43,6,6,0,3,0,0,3,0,0,1,1,0,Abra HP:50 En:0,Dunsparce HP:70 En:0,ABRA_ONLY,False,EARLY,False,False,False,False,WIN,1.0
CONFIRMATION_SET,236,160,20,5,10,5,2,3,2,0,1,3,1,0,1,1,0,Alakazam HP:140 En:1,Alakazam HP:20 En:1,ALAKAZAM_UP,True,LATE,False,False,False,False,DRAW,0.5
CONFIRMATION_SET,237,77,6,7,35,6,4,2,2,1,0,3,1,0,1,1,0,Abra HP:50 En:1,Alakazam HP:110 En:1,KADABRA_STAGE,False,MID,False,False,False,False,DRAW,0.5
CONFIRMATION_SET,237,106,8,8,27,5,3,2,0,2,0,2,1,1,1,1,0,Kadabra HP:80 En:1,Alakazam HP:140 En:1,KADABRA_STAGE,False,LATE,False,False,False,False,DRAW,0.5
CONFIRMATION_SET,238,30,4,4,43,6,6,0,3,0,0,3,2,0,1,1,0,Dunsparce HP:30 En:0,Kadabra HP:80 En:1,ABRA_ONLY,False,MID,False,False,False,False,DRAW,0.5
CONFIRMATION_SET,242,16,2,6,42,6,6,0,4,0,0,4,0,0,1,1,0,Abra HP:50 En:1,Abra HP:50 En:1,ABRA_ONLY,False,EARLY,False,False,False,False,DRAW,0.5
CONFIRMATION_SET,242,50,4,7,34,6,5,1,2,2,0,4,1,0,1,1,0,Kadabra HP:80 En:1,Alakazam HP:130 En:1,KADABRA_STAGE,False,MID,False,False,False,False,DRAW,0.5
CONFIRMATION_SET,242,152,12,9,14,4,1,3,1,1,0,2,0,3,1,1,0,Kadabra HP:80 En:1,Alakazam HP:110 En:1,KADABRA_STAGE,False,LATE,False,False,False,False,DRAW,0.5
CONFIRMATION_SET,243,36,4,7,36,6,6,0,3,1,0,4,1,0,1,1,0,Kadabra HP:80 En:0,Kadabra HP:70 En:1,KADABRA_STAGE,False,MID,False,False,False,False,DRAW,0.5
CONFIRMATION_SET,243,65,6,7,32,6,5,1,3,1,0,4,0,1,1,1,0,Kadabra HP:80 En:1,Alakazam HP:130 En:1,KADABRA_STAGE,False,MID,False,False,False,False,DRAW,0.5
CONFIRMATION_SET,243,107,10,6,14,5,4,1,1,2,1,4,1,0,1,1,0,Alakazam HP:100 En:1,Alakazam HP:140 En:1,ALAKAZAM_UP,True,LATE,False,False,False,False,DRAW,0.5
CONFIRMATION_SET,243,116,12,10,11,4,4,0,1,2,1,4,0,0,1,1,0,Alakazam HP:100 En:1,Kadabra HP:80 En:0,ALAKAZAM_UP,True,LATE,False,False,False,False,DRAW,0.5
CONFIRMATION_SET,244,15,2,5,41,6,6,0,4,0,0,4,1,0,1,1,0,Dunsparce HP:60 En:0,Abra HP:50 En:1,ABRA_ONLY,False,EARLY,False,False,False,False,DRAW,0.5
CONFIRMATION_SET,244,128,10,10,20,5,2,3,1,0,1,2,1,1,1,1,0,Alakazam HP:140 En:1,Alakazam HP:140 En:1,ALAKAZAM_UP,True,LATE,False,False,False,False,DRAW,0.5
CONFIRMATION_SET,247,56,6,4,33,6,6,0,3,1,0,4,2,0,1,1,0,Kadabra HP:80 En:0,Alakazam HP:130 En:0,KADABRA_STAGE,False,MID,False,False,False,False,DRAW,0.5
CONFIRMATION_SET,248,93,8,8,30,6,3,3,2,0,0,2,0,1,1,1,0,Abra HP:50 En:1,Alakazam HP:130 En:1,ABRA_ONLY,False,LATE,False,False,False,False,DRAW,0.5
CONFIRMATION_SET,249,57,6,8,28,6,5,1,1,1,1,3,0,0,1,1,0,Alakazam HP:140 En:1,Alakazam HP:110 En:1,ALAKAZAM_UP,True,MID,False,False,False,False,DRAW,0.5
CONFIRMATION_SET,251,146,14,13,15,5,2,3,1,0,0,1,2,0,1,1,0,Dunsparce HP:60 En:0,Alakazam HP:100 En:1,ABRA_ONLY,False,LATE,False,False,False,False,DRAW,0.5
CONFIRMATION_SET,252,58,6,12,26,6,5,1,0,2,1,3,2,0,1,1,0,Alakazam HP:140 En:1,Alakazam HP:140 En:1,ALAKAZAM_UP,True,MID,True,False,False,False,DRAW,0.5
CONFIRMATION_SET,252,75,8,13,23,5,5,0,0,2,1,3,0,2,1,1,0,Alakazam HP:110 En:1,Kadabra HP:80 En:1,ALAKAZAM_UP,True,LATE,True,False,False,False,DRAW,0.5
CONFIRMATION_SET,252,143,14,17,12,2,3,-1,1,0,1,2,0,2,1,1,0,Alakazam HP:140 En:1,Alakazam HP:140 En:1,ALAKAZAM_UP,True,LATE,True,True,False,True,DRAW,0.5
CONFIRMATION_SET,253,92,8,9,25,6,4,2,0,0,2,2,0,1,1,1,0,Alakazam HP:140 En:1,Alakazam HP:110 En:1,ALAKAZAM_UP,True,LATE,False,False,False,False,DRAW,0.5
CONFIRMATION_SET,254,152,10,15,9,4,2,2,1,1,1,3,0,2,1,1,0,Alakazam HP:140 En:1,Alakazam HP:140 En:1,ALAKAZAM_UP,True,LATE,False,False,False,False,DRAW,0.5
CONFIRMATION_SET,256,54,4,7,36,6,5,1,1,2,0,3,1,0,1,1,0,Kadabra HP:80 En:1,Alakazam HP:140 En:1,KADABRA_STAGE,False,MID,False,False,False,False,DRAW,0.5
CONFIRMATION_SET,256,81,6,9,27,6,4,2,1,1,1,3,0,1,1,1,0,Alakazam HP:140 En:1,Alakazam HP:110 En:1,ALAKAZAM_UP,True,MID,False,False,False,False,DRAW,0.5
CONFIRMATION_SET,258,38,4,9,36,6,6,0,2,0,1,3,0,0,1,0,0,Alakazam HP:140 En:1,Abra HP:50 En:0,ALAKAZAM_UP,True,MID,True,False,True,False,WIN,1.0
CONFIRMATION_SET,259,6,2,6,46,6,6,0,2,0,0,2,0,0,1,0,0,Abra HP:50 En:0,Dunsparce HP:70 En:0,ABRA_ONLY,False,EARLY,False,False,False,False,WIN,1.0
CONFIRMATION_SET,260,17,2,7,42,6,6,0,2,0,0,2,0,0,1,1,0,Abra HP:50 En:1,Dunsparce HP:60 En:0,ABRA_ONLY,False,EARLY,False,False,False,False,WIN,1.0
CONFIRMATION_SET,261,113,8,9,21,4,4,0,1,1,1,3,1,0,1,1,0,Alakazam HP:140 En:0,Alakazam HP:140 En:1,ALAKAZAM_UP,True,LATE,True,False,False,False,DRAW,0.5
CONFIRMATION_SET,262,139,10,12,10,4,3,1,0,0,2,2,1,2,1,1,0,Alakazam HP:140 En:1,Alakazam HP:140 En:1,ALAKAZAM_UP,True,LATE,False,False,False,False,DRAW,0.5
CONFIRMATION_SET,262,147,12,12,9,3,2,1,0,0,1,1,0,3,1,1,0,Alakazam HP:140 En:1,Alakazam HP:140 En:1,ALAKAZAM_UP,True,LATE,False,False,False,False,DRAW,0.5
CONFIRMATION_SET,264,15,2,8,40,6,6,0,4,0,0,4,0,0,1,1,0,Abra HP:50 En:1,Dunsparce HP:60 En:0,ABRA_ONLY,False,EARLY,False,False,False,False,WIN,1.0
CONFIRMATION_SET,264,39,4,11,33,6,6,0,2,2,0,4,0,0,1,1,0,Abra HP:40 En:1,Abra HP:50 En:1,KADABRA_STAGE,False,MID,False,False,False,False,WIN,1.0
CONFIRMATION_SET,270,28,4,6,37,6,6,0,1,1,0,2,2,1,1,1,0,Kadabra HP:80 En:0,Dunsparce HP:50 En:0,KADABRA_STAGE,False,MID,False,False,False,False,DRAW,0.5
CONFIRMATION_SET,270,72,6,8,25,6,5,1,1,0,1,2,1,2,1,1,0,Alakazam HP:140 En:1,Alakazam HP:140 En:1,ALAKAZAM_UP,True,MID,False,False,False,False,DRAW,0.5
CONFIRMATION_SET,272,16,2,7,41,6,6,0,4,0,0,4,0,0,1,1,0,Abra HP:50 En:1,Abra HP:50 En:1,ABRA_ONLY,False,EARLY,True,False,False,False,DRAW,0.5
CONFIRMATION_SET,272,103,8,11,22,4,4,0,2,0,0,2,0,2,1,1,0,Abra HP:50 En:1,Alakazam HP:140 En:1,ABRA_ONLY,False,LATE,False,False,False,False,DRAW,0.5
CONFIRMATION_SET,273,10,2,5,44,6,6,0,3,0,0,3,0,0,1,1,0,Abra HP:50 En:1,Dunsparce HP:60 En:0,ABRA_ONLY,False,EARLY,False,False,False,False,LOSS,0.0
CONFIRMATION_SET,274,35,4,10,34,6,6,0,0,1,1,2,1,0,1,1,0,Alakazam HP:140 En:1,Alakazam HP:140 En:0,ALAKAZAM_UP,True,MID,False,False,False,False,WIN,1.0
CONFIRMATION_SET,275,57,6,8,31,6,5,1,0,2,0,2,1,1,1,1,0,Kadabra HP:20 En:1,Alakazam HP:110 En:1,KADABRA_STAGE,False,MID,False,False,False,False,DRAW,0.5
CONFIRMATION_SET,275,148,12,10,19,4,2,2,0,2,0,2,1,1,1,1,0,Kadabra HP:80 En:1,Alakazam HP:140 En:1,KADABRA_STAGE,False,LATE,False,False,False,False,DRAW,0.5
CONFIRMATION_SET,280,139,10,6,9,3,2,1,0,0,2,2,3,0,1,1,0,Alakazam HP:140 En:1,Alakazam HP:140 En:1,ALAKAZAM_UP,True,LATE,False,False,False,False,DRAW,0.5
CONFIRMATION_SET,281,56,6,8,20,5,6,-1,0,1,3,4,2,0,1,0,0,Alakazam HP:140 En:1,Abra HP:50 En:0,ALAKAZAM_UP,True,MID,False,False,False,False,WIN,1.0
CONFIRMATION_SET,282,49,4,6,27,6,6,0,0,1,2,3,3,0,1,1,0,Kadabra HP:70 En:1,Kadabra HP:80 En:0,ALAKAZAM_UP,False,MID,False,False,False,False,DRAW,0.5
CONFIRMATION_SET,282,112,8,9,19,5,4,1,0,1,1,2,1,1,1,1,0,Alakazam HP:140 En:1,Alakazam HP:140 En:1,ALAKAZAM_UP,True,LATE,False,False,False,False,DRAW,0.5
CONFIRMATION_SET,282,150,10,10,12,4,3,1,1,0,1,2,1,2,1,1,0,Alakazam HP:140 En:1,Alakazam HP:140 En:1,ALAKAZAM_UP,True,LATE,False,False,False,False,DRAW,0.5
CONFIRMATION_SET,285,103,12,7,16,3,4,-1,0,0,2,2,2,0,1,1,0,Alakazam HP:140 En:1,Alakazam HP:140 En:1,ALAKAZAM_UP,True,LATE,True,False,False,True,DRAW,0.5
CONFIRMATION_SET,285,139,14,7,8,2,4,-2,0,1,2,3,0,0,1,1,0,Alakazam HP:110 En:1,Kadabra HP:80 En:1,ALAKAZAM_UP,True,LATE,False,False,False,False,DRAW,0.5
CONFIRMATION_SET,286,37,4,11,30,6,6,0,1,2,1,4,2,0,1,1,0,Alakazam HP:110 En:0,Kadabra HP:70 En:1,ALAKAZAM_UP,True,MID,True,False,False,False,DRAW,0.5
CONFIRMATION_SET,286,69,6,13,24,5,6,-1,0,3,1,4,2,0,1,1,0,Alakazam HP:80 En:1,Kadabra HP:80 En:1,ALAKAZAM_UP,True,MID,True,False,False,False,DRAW,0.5
CONFIRMATION_SET,287,60,6,10,24,6,5,1,0,1,2,3,0,1,1,1,0,Alakazam HP:110 En:1,Alakazam HP:130 En:1,ALAKAZAM_UP,True,MID,False,False,False,False,DRAW,0.5
CONFIRMATION_SET,288,56,6,7,26,6,5,1,0,1,1,2,2,0,1,1,0,Alakazam HP:140 En:1,Alakazam HP:110 En:1,ALAKAZAM_UP,True,MID,False,False,False,False,DRAW,0.5
CONFIRMATION_SET,288,82,8,9,19,5,5,0,0,0,2,2,0,2,1,1,0,Alakazam HP:130 En:1,Abra HP:50 En:0,ALAKAZAM_UP,True,LATE,True,False,False,False,DRAW,0.5
CONFIRMATION_SET,289,82,6,10,26,6,5,1,1,2,0,3,1,1,1,1,0,Kadabra HP:80 En:1,Alakazam HP:110 En:1,KADABRA_STAGE,False,MID,False,False,False,False,LOSS,0.0
CONFIRMATION_SET,291,71,6,6,20,6,6,0,1,1,2,4,2,0,1,1,0,Alakazam HP:110 En:1,Kadabra HP:50 En:1,ALAKAZAM_UP,True,MID,False,False,False,False,DRAW,0.5
CONFIRMATION_SET,292,10,2,6,44,6,6,0,2,0,0,2,1,0,1,1,0,Dunsparce HP:70 En:0,Abra HP:50 En:0,ABRA_ONLY,False,EARLY,False,False,False,False,DRAW,0.5
CONFIRMATION_SET,292,140,14,4,14,4,3,1,0,2,1,3,2,0,1,1,0,Alakazam HP:60 En:0,Alakazam HP:20 En:1,ALAKAZAM_UP,True,LATE,False,False,False,False,DRAW,0.5
CONFIRMATION_SET,293,66,6,12,23,6,5,1,0,1,2,3,2,0,1,1,0,Alakazam HP:140 En:1,Alakazam HP:110 En:1,ALAKAZAM_UP,True,MID,True,False,True,False,DRAW,0.5
CONFIRMATION_SET,295,79,8,10,17,5,6,-1,0,1,2,3,2,0,1,1,0,Alakazam HP:110 En:1,Kadabra HP:80 En:1,ALAKAZAM_UP,True,LATE,True,False,True,False,DRAW,0.5
CONFIRMATION_SET,296,28,4,6,37,6,6,0,3,1,0,4,0,0,1,1,0,Kadabra HP:80 En:0,Abra HP:50 En:0,KADABRA_STAGE,False,MID,False,False,False,False,WIN,1.0
CONFIRMATION_SET,296,65,8,9,15,5,6,-1,0,1,3,4,1,1,1,0,0,Alakazam HP:120 En:1,Abra HP:20 En:1,ALAKAZAM_UP,True,LATE,False,False,False,False,WIN,1.0
CONFIRMATION_SET,298,61,6,8,26,6,6,0,0,2,1,3,1,0,1,1,0,Alakazam HP:110 En:1,Kadabra HP:50 En:1,ALAKAZAM_UP,True,MID,False,False,False,False,DRAW,0.5
CONFIRMATION_SET,300,135,12,11,11,5,3,2,1,0,2,3,0,3,1,1,0,Alakazam HP:130 En:1,Alakazam HP:140 En:1,ALAKAZAM_UP,True,LATE,False,False,False,False,DRAW,0.5
CONFIRMATION_SET,301,70,7,5,33,5,5,0,3,0,0,3,0,0,1,1,0,Abra HP:50 En:1,Alakazam HP:140 En:1,ABRA_ONLY,False,MID,False,False,False,False,DRAW,0.5
CONFIRMATION_SET,302,120,9,14,15,5,4,1,1,0,2,3,0,2,1,1,0,Alakazam HP:140 En:0,Alakazam HP:140 En:1,ALAKAZAM_UP,True,LATE,False,False,False,False,DRAW,0.5
CONFIRMATION_SET,304,17,3,5,40,6,6,0,2,0,1,3,0,0,1,1,0,Alakazam HP:140 En:0,Dunsparce HP:60 En:0,ALAKAZAM_UP,True,EARLY,False,False,False,False,WIN,1.0
CONFIRMATION_SET,304,35,5,8,34,5,6,-1,2,1,1,4,0,0,1,1,0,Alakazam HP:110 En:1,Kadabra HP:80 En:1,ALAKAZAM_UP,True,MID,True,False,False,False,WIN,1.0
CONFIRMATION_SET,304,62,7,12,20,4,6,-2,0,1,3,4,1,1,1,1,0,Alakazam HP:110 En:1,Abra HP:50 En:0,ALAKAZAM_UP,True,MID,True,False,False,False,WIN,1.0
CONFIRMATION_SET,305,160,13,9,4,1,2,-1,0,1,0,1,0,1,1,1,0,Kadabra HP:80 En:1,Alakazam HP:140 En:1,KADABRA_STAGE,False,LATE,False,False,False,False,DRAW,0.5
CONFIRMATION_SET,306,117,13,11,14,6,3,3,0,0,1,1,1,1,1,1,0,Alakazam HP:140 En:1,Alakazam HP:50 En:1,ALAKAZAM_UP,True,LATE,False,False,False,False,DRAW,0.5
CONFIRMATION_SET,310,110,9,6,20,5,4,1,0,0,2,2,2,0,1,1,0,Alakazam HP:140 En:1,Alakazam HP:20 En:1,ALAKAZAM_UP,True,LATE,False,False,False,False,DRAW,0.5
CONFIRMATION_SET,310,134,11,4,17,4,4,0,1,0,2,3,1,0,1,1,0,Alakazam HP:40 En:1,Alakazam HP:140 En:1,ALAKAZAM_UP,True,LATE,False,False,False,False,DRAW,0.5
CONFIRMATION_SET,311,140,13,14,12,4,3,1,0,0,2,2,0,2,1,1,0,Alakazam HP:60 En:1,Alakazam HP:130 En:1,ALAKAZAM_UP,True,LATE,True,False,False,False,DRAW,0.5
CONFIRMATION_SET,312,22,3,7,40,6,6,0,3,1,0,4,0,0,1,1,0,Kadabra HP:80 En:0,Dunsparce HP:60 En:0,KADABRA_STAGE,False,EARLY,True,False,False,False,DRAW,0.5
CONFIRMATION_SET,313,22,3,4,39,6,6,0,3,1,0,4,2,0,1,1,0,Abra HP:50 En:1,Dunsparce HP:70 En:0,KADABRA_STAGE,False,EARLY,False,False,False,False,DRAW,0.5
CONFIRMATION_SET,314,108,9,11,15,4,5,-1,1,0,2,3,0,2,1,1,0,Alakazam HP:140 En:1,Alakazam HP:140 En:1,ALAKAZAM_UP,True,LATE,False,False,False,False,DRAW,0.5
CONFIRMATION_SET,314,128,11,11,10,3,4,-1,1,0,2,3,0,2,1,1,0,Alakazam HP:140 En:1,Alakazam HP:110 En:1,ALAKAZAM_UP,True,LATE,False,False,False,False,DRAW,0.5
CONFIRMATION_SET,314,144,13,12,12,2,4,-2,0,1,2,3,0,2,1,1,0,Alakazam HP:110 En:1,Kadabra HP:80 En:1,ALAKAZAM_UP,True,LATE,False,False,False,False,DRAW,0.5
CONFIRMATION_SET,315,19,3,8,41,6,6,0,2,1,0,3,0,0,1,1,0,Kadabra HP:80 En:0,Dunsparce HP:70 En:0,KADABRA_STAGE,False,EARLY,True,False,False,False,DRAW,0.5
CONFIRMATION_SET,316,89,7,11,25,6,4,2,1,2,1,4,2,0,1,1,0,Alakazam HP:140 En:1,Alakazam HP:140 En:1,ALAKAZAM_UP,True,MID,False,False,False,True,DRAW,0.5
CONFIRMATION_SET,317,23,3,6,37,6,6,0,2,1,1,4,0,0,1,1,0,Alakazam HP:140 En:1,Dunsparce HP:60 En:0,ALAKAZAM_UP,True,EARLY,False,False,False,False,DRAW,0.5
CONFIRMATION_SET,318,90,7,12,19,5,5,0,0,1,2,3,0,2,1,1,0,Alakazam HP:140 En:1,Alakazam HP:140 En:1,ALAKAZAM_UP,True,MID,False,False,False,False,DRAW,0.5
CONFIRMATION_SET,318,108,9,15,16,4,4,0,0,1,1,2,0,2,1,1,0,Alakazam HP:140 En:1,Alakazam HP:140 En:1,ALAKAZAM_UP,True,LATE,True,False,False,False,DRAW,0.5
CONFIRMATION_SET,319,19,3,9,37,6,6,0,1,1,1,3,0,0,1,1,0,Kadabra HP:80 En:0,Dunsparce HP:70 En:0,ALAKAZAM_UP,False,EARLY,False,False,False,False,DRAW,0.5
CONFIRMATION_SET,320,31,3,8,36,6,6,0,1,2,0,3,1,0,1,1,0,Kadabra HP:80 En:1,Abra HP:50 En:0,KADABRA_STAGE,False,EARLY,False,False,False,False,DRAW,0.5
CONFIRMATION_SET,320,156,13,6,10,4,2,2,0,0,0,0,3,0,1,1,0,Dunsparce HP:60 En:0,Alakazam HP:10 En:1,NO_LINE,False,LATE,False,False,False,False,DRAW,0.5
CONFIRMATION_SET,321,52,5,9,29,6,6,0,0,1,1,2,1,2,1,1,0,Alakazam HP:100 En:1,Kadabra HP:50 En:1,ALAKAZAM_UP,True,MID,False,False,False,False,DRAW,0.5
CONFIRMATION_SET,321,83,7,12,23,5,5,0,1,0,1,2,1,2,1,1,0,Alakazam HP:140 En:1,Alakazam HP:140 En:1,ALAKAZAM_UP,True,MID,True,False,False,False,DRAW,0.5
CONFIRMATION_SET,322,23,3,7,38,6,6,0,0,2,0,2,0,1,1,1,0,Kadabra HP:80 En:1,Abra HP:50 En:0,KADABRA_STAGE,False,EARLY,False,False,False,False,LOSS,0.0
CONFIRMATION_SET,325,40,3,9,32,6,6,0,1,3,0,4,1,0,1,1,0,Kadabra HP:80 En:1,Dunsparce HP:60 En:0,KADABRA_STAGE,False,EARLY,False,False,False,False,DRAW,0.5
CONFIRMATION_SET,325,79,5,12,19,6,5,1,0,1,2,3,1,1,1,1,0,Alakazam HP:140 En:1,Alakazam HP:140 En:1,ALAKAZAM_UP,True,MID,False,False,False,False,DRAW,0.5
CONFIRMATION_SET,328,39,5,10,24,6,6,0,0,1,2,3,3,0,1,0,0,Alakazam HP:130 En:1,Abra HP:50 En:1,ALAKAZAM_UP,True,MID,True,False,False,False,WIN,1.0
CONFIRMATION_SET,332,48,5,8,20,6,6,0,0,3,1,4,1,1,1,1,0,Alakazam HP:100 En:1,Kadabra HP:50 En:1,ALAKAZAM_UP,True,MID,False,False,False,False,DRAW,0.5
CONFIRMATION_SET,333,78,9,11,22,6,5,1,0,3,1,4,0,1,1,1,0,Alakazam HP:140 En:1,Alakazam HP:110 En:1,ALAKAZAM_UP,True,LATE,True,False,False,True,DRAW,0.5
CONFIRMATION_SET,333,109,11,5,12,5,4,1,0,1,2,3,2,0,1,1,0,Alakazam HP:140 En:1,Alakazam HP:140 En:1,ALAKAZAM_UP,True,LATE,False,False,False,False,DRAW,0.5
CONFIRMATION_SET,333,123,13,5,13,5,3,2,0,1,1,2,1,0,1,1,0,Alakazam HP:130 En:1,Alakazam HP:20 En:1,ALAKAZAM_UP,True,LATE,False,False,False,False,DRAW,0.5
CONFIRMATION_SET,335,21,3,6,39,6,6,0,3,1,0,4,0,0,1,1,0,Abra HP:40 En:1,Abra HP:50 En:0,KADABRA_STAGE,False,EARLY,False,False,False,False,DRAW,0.5
CONFIRMATION_SET,337,114,11,10,26,6,3,3,1,0,1,2,1,1,1,1,0,Alakazam HP:140 En:0,Alakazam HP:80 En:1,ALAKAZAM_UP,True,LATE,False,False,False,False,DRAW,0.5
CONFIRMATION_SET,339,27,3,6,34,6,6,0,2,1,1,4,2,0,1,1,0,Alakazam HP:140 En:1,Abra HP:50 En:0,ALAKAZAM_UP,True,EARLY,True,False,False,False,DRAW,0.5
CONFIRMATION_SET,339,51,5,8,29,5,6,-1,1,2,1,4,1,1,1,1,0,Alakazam HP:40 En:1,Alakazam HP:140 En:1,ALAKAZAM_UP,True,MID,True,False,False,False,DRAW,0.5
CONFIRMATION_SET,339,116,9,6,14,3,4,-1,2,0,2,4,1,0,1,1,0,Alakazam HP:140 En:1,Alakazam HP:140 En:1,ALAKAZAM_UP,True,LATE,False,False,False,False,DRAW,0.5
CONFIRMATION_SET,340,76,7,11,25,5,5,0,1,2,0,3,2,1,1,1,0,Kadabra HP:80 En:1,Alakazam HP:140 En:1,KADABRA_STAGE,False,MID,False,False,False,False,DRAW,0.5
CONFIRMATION_SET,340,109,9,13,16,5,4,1,1,0,2,3,2,1,1,1,0,Alakazam HP:140 En:1,Alakazam HP:110 En:1,ALAKAZAM_UP,True,LATE,False,False,False,False,DRAW,0.5
CONFIRMATION_SET,341,32,3,9,34,6,6,0,1,1,1,3,1,0,1,1,0,Alakazam HP:140 En:1,Dunsparce HP:70 En:0,ALAKAZAM_UP,True,EARLY,False,False,False,False,DRAW,0.5
CONFIRMATION_SET,343,61,9,14,16,5,6,-1,0,1,3,4,0,2,1,1,0,Alakazam HP:130 En:1,Abra HP:50 En:1,ALAKAZAM_UP,True,LATE,True,False,False,False,DRAW,0.5
CONFIRMATION_SET,344,65,5,6,36,6,5,1,3,0,0,3,1,0,1,1,0,Abra HP:50 En:1,Alakazam HP:140 En:1,ABRA_ONLY,False,MID,False,False,False,False,DRAW,0.5
CONFIRMATION_SET,344,127,11,3,24,5,2,3,3,0,0,3,1,0,1,1,0,Abra HP:50 En:1,Alakazam HP:100 En:1,ABRA_ONLY,False,LATE,False,False,False,False,DRAW,0.5
CONFIRMATION_SET,345,59,7,8,29,6,6,0,2,1,1,4,0,2,1,1,0,Alakazam HP:110 En:1,Kadabra HP:70 En:1,ALAKAZAM_UP,True,MID,False,False,False,False,WIN,1.0
CONFIRMATION_SET,347,30,3,10,31,6,6,0,2,1,1,4,1,0,1,1,0,Alakazam HP:140 En:1,Abra HP:50 En:0,ALAKAZAM_UP,True,EARLY,True,False,False,False,WIN,1.0
CONFIRMATION_SET,348,20,3,7,42,6,6,0,1,1,0,2,1,0,1,1,0,Kadabra HP:80 En:0,Dunsparce HP:70 En:0,KADABRA_STAGE,False,EARLY,True,False,False,False,WIN,1.0
CONFIRMATION_SET,348,60,7,9,27,6,5,1,1,1,1,3,2,1,1,1,0,Alakazam HP:80 En:1,Alakazam HP:110 En:1,ALAKAZAM_UP,True,MID,False,False,False,False,WIN,1.0
CONFIRMATION_SET,350,52,7,15,20,5,6,-1,1,1,2,4,1,1,1,1,0,Alakazam HP:130 En:0,Abra HP:50 En:1,ALAKAZAM_UP,True,MID,True,False,False,False,WIN,1.0
CONFIRMATION_SET,350,73,9,19,11,4,6,-2,0,0,4,4,0,2,1,1,0,Alakazam HP:120 En:1,Abra HP:50 En:0,ALAKAZAM_UP,True,LATE,False,False,False,False,WIN,1.0
CONFIRMATION_SET,351,29,3,7,35,6,6,0,1,2,1,4,1,0,1,1,0,Alakazam HP:140 En:1,Dunsparce HP:70 En:0,ALAKAZAM_UP,True,EARLY,False,False,False,False,LOSS,0.0
CONFIRMATION_SET,351,69,5,11,24,5,5,0,1,1,2,4,0,1,1,1,0,Alakazam HP:140 En:1,Alakazam HP:140 En:1,ALAKAZAM_UP,True,MID,True,False,True,False,LOSS,0.0
CONFIRMATION_SET,352,22,3,7,38,6,6,0,1,2,0,3,1,0,1,1,0,Abra HP:50 En:1,Dunsparce HP:70 En:0,KADABRA_STAGE,False,EARLY,True,False,False,False,DRAW,0.5
CONFIRMATION_SET,352,76,7,8,18,5,6,-1,0,2,2,4,0,0,1,1,0,Alakazam HP:130 En:1,Kadabra HP:80 En:0,ALAKAZAM_UP,True,MID,False,False,False,True,DRAW,0.5
CONFIRMATION_SET,355,39,3,8,32,6,6,0,2,2,0,4,2,0,1,1,0,Kadabra HP:80 En:1,Dunsparce HP:60 En:0,KADABRA_STAGE,False,EARLY,False,False,False,False,DRAW,0.5
CONFIRMATION_SET,356,80,7,11,30,5,5,0,1,2,1,4,1,0,1,1,0,Alakazam HP:110 En:1,Kadabra HP:80 En:1,ALAKAZAM_UP,True,MID,False,False,False,False,DRAW,0.5
CONFIRMATION_SET,356,112,9,7,17,4,5,-1,0,2,2,4,2,0,1,1,0,Alakazam HP:80 En:1,Kadabra HP:80 En:1,ALAKAZAM_UP,True,LATE,False,False,False,False,DRAW,0.5
CONFIRMATION_SET,357,33,3,6,33,6,6,0,1,2,1,4,2,0,1,1,0,Alakazam HP:130 En:1,Abra HP:50 En:0,ALAKAZAM_UP,True,EARLY,False,False,False,False,DRAW,0.5
CONFIRMATION_SET,357,58,5,10,24,5,6,-1,0,1,3,4,1,1,1,1,0,Alakazam HP:100 En:1,Kadabra HP:80 En:1,ALAKAZAM_UP,True,MID,False,False,False,False,DRAW,0.5
CONFIRMATION_SET,357,93,7,13,16,4,5,-1,0,0,3,3,1,1,1,1,0,Alakazam HP:140 En:1,Alakazam HP:140 En:1,ALAKAZAM_UP,True,MID,False,False,False,False,DRAW,0.5
CONFIRMATION_SET,357,160,13,7,9,1,3,-2,0,1,2,3,0,1,1,1,0,Alakazam HP:140 En:1,Kadabra HP:80 En:0,ALAKAZAM_UP,True,LATE,False,False,False,False,DRAW,0.5
CONFIRMATION_SET,359,40,5,7,33,6,6,0,2,1,1,4,1,1,1,1,0,Alakazam HP:130 En:0,Kadabra HP:80 En:0,ALAKAZAM_UP,True,MID,False,False,False,False,WIN,1.0
CONFIRMATION_SET,359,59,7,12,22,5,6,-1,1,0,3,4,0,2,1,1,0,Alakazam HP:130 En:1,Abra HP:40 En:1,ALAKAZAM_UP,True,MID,False,False,False,False,WIN,1.0
CONFIRMATION_SET,359,76,9,14,19,4,6,-2,1,0,3,4,0,2,1,1,0,Alakazam HP:100 En:1,Kadabra HP:80 En:1,ALAKAZAM_UP,True,LATE,True,False,False,False,WIN,1.0
CONFIRMATION_SET,359,83,11,17,16,3,6,-3,1,0,3,4,0,2,1,0,0,Alakazam HP:90 En:1,Abra HP:50 En:1,ALAKAZAM_UP,True,LATE,True,False,False,False,WIN,1.0
CONFIRMATION_SET,360,105,11,8,24,4,3,1,2,0,0,2,3,0,1,1,0,Abra HP:50 En:1,Alakazam HP:50 En:1,ABRA_ONLY,False,LATE,False,False,False,False,LOSS,0.0
CONFIRMATION_SET,360,119,13,8,21,4,2,2,1,0,0,1,2,1,1,1,0,Abra HP:50 En:1,Alakazam HP:40 En:1,ABRA_ONLY,False,LATE,False,False,False,False,LOSS,0.0
CONFIRMATION_SET,361,70,7,5,28,5,6,-1,0,2,1,3,2,0,1,1,0,Alakazam HP:100 En:1,Kadabra HP:80 En:1,ALAKAZAM_UP,True,MID,True,False,False,False,DRAW,0.5
CONFIRMATION_SET,364,38,5,7,35,6,6,0,2,2,0,4,0,0,1,1,0,Kadabra HP:70 En:1,Abra HP:50 En:0,KADABRA_STAGE,False,MID,False,False,False,False,DRAW,0.5
CONFIRMATION_SET,364,79,7,8,25,6,5,1,1,1,1,3,2,1,1,1,0,Alakazam HP:140 En:1,Alakazam HP:110 En:1,ALAKAZAM_UP,True,MID,False,False,False,False,DRAW,0.5
CONFIRMATION_SET,364,123,11,12,21,4,3,1,0,1,0,1,1,2,1,1,0,Kadabra HP:80 En:1,Alakazam HP:130 En:1,KADABRA_STAGE,False,LATE,False,False,False,False,DRAW,0.5
CONFIRMATION_SET,366,30,3,5,36,6,6,0,3,0,1,4,2,0,1,1,0,Alakazam HP:140 En:1,Abra HP:50 En:0,ALAKAZAM_UP,True,EARLY,False,False,False,False,DRAW,0.5
CONFIRMATION_SET,366,69,5,10,26,5,5,0,1,2,0,3,2,0,1,1,0,Kadabra HP:80 En:1,Alakazam HP:140 En:1,KADABRA_STAGE,False,MID,True,False,False,False,DRAW,0.5
CONFIRMATION_SET,367,48,5,10,30,6,6,0,2,1,1,4,0,0,1,1,0,Alakazam HP:110 En:1,Kadabra HP:80 En:1,ALAKAZAM_UP,True,MID,True,False,False,False,DRAW,0.5
CONFIRMATION_SET,367,151,13,17,7,3,4,-1,0,0,3,3,0,2,1,1,0,Alakazam HP:140 En:1,Alakazam HP:140 En:1,ALAKAZAM_UP,True,LATE,True,False,False,False,DRAW,0.5
CONFIRMATION_SET,368,146,13,12,13,2,3,-1,1,0,1,2,0,3,1,1,0,Alakazam HP:140 En:1,Alakazam HP:140 En:1,ALAKAZAM_UP,True,LATE,True,False,False,False,DRAW,0.5
CONFIRMATION_SET,369,54,5,9,32,6,6,0,2,1,1,4,1,0,1,1,0,Alakazam HP:110 En:0,Kadabra HP:80 En:1,ALAKAZAM_UP,True,MID,False,False,False,False,DRAW,0.5
CONFIRMATION_SET,369,94,7,8,20,5,5,0,0,2,1,3,2,0,1,1,0,Alakazam HP:140 En:1,Alakazam HP:140 En:1,ALAKAZAM_UP,True,MID,False,False,False,False,DRAW,0.5
CONFIRMATION_SET,370,19,3,4,39,6,6,0,2,0,1,3,1,0,1,1,0,Alakazam HP:140 En:1,Abra HP:50 En:0,ALAKAZAM_UP,True,EARLY,True,False,False,False,WIN,1.0
CONFIRMATION_SET,371,29,3,8,32,6,6,0,1,2,1,4,2,0,1,1,0,Alakazam HP:130 En:1,Abra HP:50 En:0,ALAKAZAM_UP,True,EARLY,False,False,False,False,DRAW,0.5
CONFIRMATION_SET,372,75,7,8,25,5,6,-1,2,0,1,3,1,2,1,1,0,Alakazam HP:140 En:1,Alakazam HP:140 En:0,ALAKAZAM_UP,True,MID,False,False,False,False,DRAW,0.5
CONFIRMATION_SET,373,88,7,4,39,5,4,1,3,0,0,3,2,0,1,1,0,Abra HP:50 En:1,Alakazam HP:130 En:1,ABRA_ONLY,False,MID,False,False,False,False,DRAW,0.5
CONFIRMATION_SET,374,135,13,7,16,4,3,1,2,0,1,3,0,2,1,1,0,Alakazam HP:40 En:1,Alakazam HP:140 En:1,ALAKAZAM_UP,True,LATE,True,False,False,False,DRAW,0.5
CONFIRMATION_SET,375,47,5,6,24,6,6,0,0,3,1,4,1,1,1,1,0,Kadabra HP:80 En:0,Dunsparce HP:50 En:0,ALAKAZAM_UP,False,MID,False,False,False,False,DRAW,0.5
CONFIRMATION_SET,375,128,15,9,15,4,5,-1,0,2,1,3,2,0,1,1,0,Alakazam HP:80 En:1,Alakazam HP:140 En:1,ALAKAZAM_UP,True,LATE,False,False,False,False,DRAW,0.5
CONFIRMATION_SET,375,140,17,10,11,3,5,-2,0,2,1,3,2,1,1,1,0,Dunsparce HP:60 En:0,Alakazam HP:140 En:0,ALAKAZAM_UP,False,LATE,False,False,False,False,DRAW,0.5
CONFIRMATION_SET,376,125,11,12,18,5,2,3,1,1,0,2,1,1,1,1,0,Kadabra HP:80 En:1,Alakazam HP:110 En:1,KADABRA_STAGE,False,LATE,False,False,False,False,DRAW,0.5
CONFIRMATION_SET,377,63,5,15,24,6,5,1,0,1,2,3,0,0,1,1,0,Alakazam HP:140 En:0,Alakazam HP:140 En:1,ALAKAZAM_UP,True,MID,True,False,True,False,DRAW,0.5
CONFIRMATION_SET,378,32,5,8,32,6,6,0,3,0,1,4,0,2,1,0,0,Alakazam HP:130 En:0,Abra HP:40 En:1,ALAKAZAM_UP,True,MID,False,False,False,False,WIN,1.0
CONFIRMATION_SET,379,100,11,10,26,5,3,2,0,1,1,2,1,0,1,1,0,Alakazam HP:130 En:1,Alakazam HP:140 En:1,ALAKAZAM_UP,True,LATE,False,False,False,False,DRAW,0.5
CONFIRMATION_SET,379,134,15,7,17,3,2,1,1,0,1,2,1,0,1,1,0,Alakazam HP:110 En:1,Kadabra HP:80 En:1,ALAKAZAM_UP,True,LATE,True,False,True,True,DRAW,0.5
CONFIRMATION_SET,381,24,3,7,38,6,6,0,3,1,0,4,0,0,1,1,0,Abra HP:40 En:1,Abra HP:50 En:0,KADABRA_STAGE,False,EARLY,False,False,False,False,DRAW,0.5
CONFIRMATION_SET,382,76,7,14,25,5,5,0,1,1,1,3,0,0,1,1,0,Alakazam HP:140 En:1,Alakazam HP:140 En:1,ALAKAZAM_UP,True,MID,True,False,False,False,DRAW,0.5
CONFIRMATION_SET,384,48,5,12,34,6,5,1,1,0,1,2,0,0,1,1,0,Alakazam HP:140 En:0,Alakazam HP:140 En:1,ALAKAZAM_UP,True,MID,True,False,False,False,DRAW,0.5
CONFIRMATION_SET,384,124,9,9,11,4,4,0,0,0,3,3,2,1,1,1,0,Alakazam HP:140 En:1,Alakazam HP:140 En:1,ALAKAZAM_UP,True,LATE,False,False,False,False,DRAW,0.5
CONFIRMATION_SET,385,138,11,7,8,2,3,-1,1,0,1,2,0,3,1,1,0,Alakazam HP:140 En:1,Alakazam HP:140 En:1,ALAKAZAM_UP,True,LATE,False,False,False,False,DRAW,0.5
CONFIRMATION_SET,387,28,3,5,35,6,6,0,2,1,0,3,1,0,1,1,0,Kadabra HP:80 En:0,Dunsparce HP:60 En:0,KADABRA_STAGE,False,EARLY,False,False,False,False,DRAW,0.5
CONFIRMATION_SET,387,49,5,8,25,6,6,0,2,0,1,3,3,0,1,1,0,Alakazam HP:130 En:1,Abra HP:50 En:1,ALAKAZAM_UP,True,MID,False,False,False,False,DRAW,0.5
CONFIRMATION_SET,387,86,7,10,17,5,5,0,1,1,1,3,2,1,1,1,0,Alakazam HP:140 En:1,Alakazam HP:140 En:1,ALAKAZAM_UP,True,MID,False,False,False,False,DRAW,0.5
CONFIRMATION_SET,388,12,3,5,43,6,6,0,3,0,0,3,1,0,1,1,0,Abra HP:50 En:1,Abra HP:50 En:0,ABRA_ONLY,False,EARLY,False,False,False,False,LOSS,0.0
CONFIRMATION_SET,388,96,9,6,34,6,3,3,2,0,0,2,0,0,1,1,0,Abra HP:50 En:1,Alakazam HP:90 En:1,ABRA_ONLY,False,LATE,False,False,False,False,LOSS,0.0
CONFIRMATION_SET,388,138,13,10,21,6,1,5,0,1,0,1,2,0,1,1,0,Kadabra HP:80 En:1,Alakazam HP:30 En:1,KADABRA_STAGE,False,LATE,False,False,False,False,LOSS,0.0
CONFIRMATION_SET,391,17,3,6,43,6,6,0,0,1,0,1,2,0,1,1,0,Dunsparce HP:60 En:0,Abra HP:50 En:0,KADABRA_STAGE,False,EARLY,False,False,False,False,DRAW,0.5
CONFIRMATION_SET,391,83,7,11,24,5,5,0,1,1,1,3,0,0,1,1,0,Alakazam HP:140 En:1,Alakazam HP:140 En:1,ALAKAZAM_UP,True,MID,True,False,False,False,DRAW,0.5
CONFIRMATION_SET,392,26,3,8,37,6,6,0,0,2,0,2,1,0,1,1,0,Kadabra HP:80 En:1,Abra HP:50 En:0,KADABRA_STAGE,False,EARLY,False,False,False,False,DRAW,0.5
CONFIRMATION_SET,394,27,3,9,35,6,6,0,0,2,1,3,0,0,1,1,0,Kadabra HP:70 En:0,Abra HP:50 En:0,ALAKAZAM_UP,False,EARLY,False,False,False,False,DRAW,0.5
CONFIRMATION_SET,394,49,5,10,29,6,5,1,0,2,1,3,0,0,1,1,0,Alakazam HP:140 En:1,Alakazam HP:110 En:1,ALAKAZAM_UP,True,MID,True,False,True,False,DRAW,0.5
CONFIRMATION_SET,397,108,9,12,21,4,3,1,1,1,1,3,1,1,1,1,0,Alakazam HP:140 En:1,Alakazam HP:140 En:1,ALAKAZAM_UP,True,LATE,False,False,False,False,DRAW,0.5
CONFIRMATION_SET,398,126,9,16,9,4,5,-1,0,0,4,4,0,2,1,1,0,Alakazam HP:20 En:1,Alakazam HP:140 En:1,ALAKAZAM_UP,True,LATE,False,False,False,False,WIN,1.0
CONFIRMATION_SET,398,147,13,19,6,2,5,-3,0,0,4,4,0,2,1,1,0,Alakazam HP:130 En:1,Dunsparce HP:60 En:0,ALAKAZAM_UP,True,LATE,False,False,False,False,WIN,1.0
CONFIRMATION_SET,398,152,15,20,5,1,5,-4,0,0,4,4,0,2,1,0,0,Alakazam HP:120 En:1,Abra HP:50 En:1,ALAKAZAM_UP,True,LATE,False,False,False,False,WIN,1.0
CONFIRMATION_SET,399,108,9,11,14,3,5,-2,0,1,2,3,2,1,1,1,0,Alakazam HP:140 En:1,Alakazam HP:140 En:0,ALAKAZAM_UP,True,LATE,True,False,False,False,WIN,1.0
CONFIRMATION_SET,399,134,11,10,12,2,5,-3,0,1,2,3,0,3,1,1,0,Alakazam HP:140 En:1,Dunsparce HP:60 En:0,ALAKAZAM_UP,True,LATE,True,False,False,False,WIN,1.0
