variable,group,games,wins,losses,draws,decisive_wr,ci_lo,ci_hi
Evolution Stage,ABRA_ONLY,51,6,8,37,42.86,21.38,67.41
Evolution Stage,ALAKAZAM_UP,206,42,3,161,93.33,82.14,97.71
Evolution Stage,KADABRA_STAGE,71,6,6,59,50.0,25.38,74.62
Evolution Stage,NO_LINE,4,1,1,2,50.0,9.45,90.55
Game Phase,EARLY,79,13,8,58,61.9,40.88,79.25
Game Phase,LATE,164,23,8,133,74.19,56.75,86.3
Game Phase,MID,132,27,5,100,84.38,68.25,93.14
Hand Size Group,High (>9),140,27,4,109,87.1,71.15,94.87
Hand Size Group,Low (≤9),188,31,13,144,70.45,55.78,81.84
Bench Occupancy,0-2 Bench,273,49,15,209,76.56,64.87,85.25
Xerosic Co-Legality,Xerosic Legal,94,27,1,66,96.43,82.29,99.37
Xerosic Co-Legality,Xerosic NOT Legal,229,34,15,180,69.39,55.47,80.48
Alakazam Count on Field,0 Alakazam,116,12,13,91,48.0,30.03,66.5
Alakazam Count on Field,1 Alakazam,134,24,2,108,92.31,75.86,97.86
Alakazam Count on Field,2+ Alakazam,105,25,2,78,92.59,76.63,97.94
Kadabra on Field,0 Kadabra,143,29,9,105,76.32,60.79,87.01
Kadabra on Field,1+ Kadabra,188,34,8,146,80.95,66.7,90.02
Prize Differential,Ahead (prize_diff<0),61,26,0,35,100.0,87.13,100.0
Prize Differential,Behind (prize_diff>0),120,2,10,108,16.67,4.7,44.8
Prize Differential,Even (prize_diff=0),158,31,8,119,79.49,64.47,89.22
Deck Count,High Deck (>24),169,30,12,127,71.43,56.43,82.83
Deck Count,Low Deck (≤24),184,29,8,147,78.38,62.8,88.61
Dudunsparce Status,Has Dudunsparce,161,32,6,123,84.21,69.58,92.56
Dudunsparce Status,No Dudunsparce,178,29,12,137,70.73,55.52,82.39
EvoStage×Xerosic,ABRA_ONLY + Xerosic Legal,3,0,0,3,,0.0,0.0
EvoStage×Xerosic,ABRA_ONLY + Xerosic NOT Legal,49,6,8,35,42.86,21.38,67.41
EvoStage×Xerosic,KADABRA_STAGE + Xerosic Legal,11,2,0,9,100.0,34.24,100.0
EvoStage×Xerosic,KADABRA_STAGE + Xerosic NOT Legal,61,4,6,51,40.0,16.82,68.73
EvoStage×Xerosic,ALAKAZAM_UP + Xerosic Legal,80,25,1,54,96.15,81.11,99.32
EvoStage×Xerosic,ALAKAZAM_UP + Xerosic NOT Legal,156,26,3,127,89.66,73.61,96.42
EvoStage×Xerosic,NO_LINE + Xerosic NOT Legal,4,1,1,2,50.0,9.45,90.55
EvoStage×Phase,ABRA_ONLY + EARLY,32,5,4,23,55.56,26.66,81.12
EvoStage×Phase,ABRA_ONLY + MID,10,1,1,8,50.0,9.45,90.55
EvoStage×Phase,ABRA_ONLY + LATE,16,0,6,10,0.0,0.0,39.03
EvoStage×Phase,KADABRA_STAGE + EARLY,26,1,3,22,25.0,4.56,69.94
EvoStage×Phase,KADABRA_STAGE + MID,35,5,2,28,71.43,35.89,91.78
EvoStage×Phase,KADABRA_STAGE + LATE,18,0,1,17,0.0,0.0,79.35
EvoStage×Phase,ALAKAZAM_UP + EARLY,20,6,1,13,85.71,48.69,97.43
EvoStage×Phase,ALAKAZAM_UP + MID,93,22,2,69,91.67,74.15,97.68
EvoStage×Phase,ALAKAZAM_UP + LATE,132,23,1,108,95.83,79.76,99.26
EvoStage×Phase,NO_LINE + EARLY,1,1,0,0,100.0,20.65,100.0
EvoStage×Phase,NO_LINE + LATE,3,0,1,2,0.0,0.0,79.35
Kadabra×RareCandy,Kadabra Present + RC Legal,1,0,0,1,,0.0,0.0
Kadabra×RareCandy,Kadabra Present + RC NOT Legal,188,34,8,146,80.95,66.7,90.02
Kadabra×RareCandy,No Kadabra + RC Legal,2,0,0,2,,0.0,0.0
Kadabra×RareCandy,No Kadabra + RC NOT Legal,142,29,9,104,76.32,60.79,87.01
