game_id,starting_seat,has_divergence,first_div_step,first_div_turn,first_div_ctrl_action,first_div_cand_action,total_divergences,alakazam_at_first_div,kadabra_at_first_div,abra_at_first_div,hand_size_at_first_div,my_prizes_at_first_div,opp_prizes_at_first_div,my_active_at_first_div,cand_search_invoked,ctrl_search_invoked,game_outcome,cand_won,ctrl_won,is_draw,game_length
1,0,True,60.0,10.0,PLAY(Dawn),PLAY(Hilda),3,3,0,0,10,4,6,Alakazam,True,True,WIN,True,False,False,119
2,0,True,67.0,6.0,PLAY(Dawn),PLAY(Hilda),2,0,1,1,5,6,5,Kadabra,True,True,LOSS,False,True,False,124
3,0,True,38.0,4.0,PLAY(Dawn),PLAY(Hilda),3,0,1,3,9,6,6,Kadabra,True,True,DRAW,False,False,True,160
4,0,True,31.0,4.0,ATTACH(Telepath Psychic Energy -> Abra@5),ATTACH(Telepath Psychic Energy -> Abra@5),5,0,0,3,8,6,6,Dunsparce,True,True,DRAW,False,False,True,160
5,0,False,,,None,None,0,0,0,0,0,0,0,None,False,False,WIN,True,False,False,36
6,0,True,70.0,6.0,PLAY(Rare Candy),PLAY(Night Stretcher),3,1,1,1,11,6,5,Kadabra,True,True,DRAW,False,False,True,160
7,0,True,10.0,2.0,PLAY(Dawn),PLAY(Hilda),2,0,0,1,8,6,6,Dunsparce,True,True,DRAW,False,False,True,160
8,0,True,143.0,12.0,PLAY(Dawn),PLAY(Hilda),1,1,1,1,3,4,2,Alakazam,True,True,DRAW,False,False,True,160
9,0,True,138.0,12.0,PLAY(Dawn),PLAY(Hilda),1,1,2,0,11,4,3,Alakazam,True,True,DRAW,False,False,True,160
10,0,True,68.0,6.0,PLAY(Dawn),PLAY(Hilda),2,2,1,0,10,6,5,Alakazam,True,True,DRAW,False,False,True,160
11,0,False,,,None,None,0,0,0,0,0,0,0,None,False,False,LOSS,False,True,False,50
12,0,True,43.0,4.0,PLAY(Dawn),PLAY(Hilda),3,1,2,1,10,6,6,Alakazam,True,True,WIN,True,False,False,142
13,0,True,76.0,6.0,PLAY(Hilda),EVOLVE(Alakazam on Kadabra),2,1,1,0,5,5,4,Alakazam,True,True,DRAW,False,False,True,160
14,0,False,,,None,None,0,0,0,0,0,0,0,None,False,False,WIN,True,False,False,52
15,0,False,,,None,None,0,0,0,0,0,0,0,None,False,False,DRAW,False,False,True,160
16,0,False,,,None,None,0,0,0,0,0,0,0,None,False,False,LOSS,False,True,False,48
17,0,True,40.0,4.0,PLAY(Dawn),PLAY(Hilda),4,0,2,2,8,6,6,Kadabra,True,True,DRAW,False,False,True,160
18,0,False,,,None,None,0,0,0,0,0,0,0,None,False,False,LOSS,False,True,False,54
19,0,False,,,None,None,0,0,0,0,0,0,0,None,False,False,DRAW,False,False,True,160
20,0,True,133.0,12.0,PLAY(Dawn),PLAY(Hilda),1,1,0,0,13,5,1,Alakazam,True,True,LOSS,False,True,False,146
21,0,True,29.0,4.0,PLAY(Dawn),PLAY(Hilda),2,1,0,2,13,6,6,Alakazam,True,True,DRAW,False,False,True,160
22,0,False,,,None,None,0,0,0,0,0,0,0,None,False,False,LOSS,False,True,False,41
23,0,True,46.0,4.0,PLAY(Dawn),PLAY(Hilda),2,0,3,1,8,6,6,Kadabra,True,True,DRAW,False,False,True,160
24,0,False,,,None,None,0,0,0,0,0,0,0,None,False,False,LOSS,False,True,False,113
25,0,False,,,None,None,0,0,0,0,0,0,0,None,False,False,DRAW,False,False,True,160
26,0,True,98.0,8.0,ATTACH(Telepath Psychic Energy -> Kadabra@5),PLAY(Lillie's Determination),3,1,1,0,4,4,3,Alakazam,True,True,LOSS,False,True,False,154
27,0,True,99.0,8.0,PLAY(Hilda),PLAY(Poké Pad),2,1,0,2,7,4,4,Alakazam,True,True,DRAW,False,False,True,160
28,0,True,144.0,12.0,PLAY(Dawn),PLAY(Hilda),1,2,0,1,9,3,4,Alakazam,True,True,DRAW,False,False,True,160
29,0,True,123.0,12.0,PLAY(Dawn),PLAY(Hilda),1,1,0,0,10,6,4,Alakazam,True,True,DRAW,False,False,True,160
30,0,True,81.0,8.0,PLAY(Poké Pad),PLAY(Boss’s Orders),2,1,0,0,10,6,3,Alakazam,True,True,LOSS,False,True,False,139
31,0,True,75.0,6.0,PLAY(Dawn),PLAY(Hilda),3,1,2,0,12,6,5,Alakazam,True,True,DRAW,False,False,True,160
32,0,True,14.0,2.0,PLAY(Dawn),PLAY(Hilda),1,0,0,1,11,6,6,Dunsparce,True,True,DRAW,False,False,True,160
33,0,True,136.0,14.0,PLAY(Dawn),PLAY(Hilda),2,2,1,1,9,5,2,Alakazam,True,True,DRAW,False,False,True,160
34,0,True,36.0,4.0,PLAY(Dawn),PLAY(Hilda),4,1,1,1,7,6,6,Dunsparce,True,True,WIN,True,False,False,124
35,0,True,57.0,6.0,EVOLVE(Kadabra on Abra),ATTACH(Basic {P} Energy -> Abra@5),1,0,0,3,3,6,5,Abra,True,True,LOSS,False,True,False,106
36,0,True,94.0,8.0,PLAY(Dawn),PLAY(Hilda),4,0,1,1,10,5,4,Abra,True,True,DRAW,False,False,True,160
37,0,True,67.0,8.0,EVOLVE(Dudunsparce on Dunsparce),ATTACH(Telepath Psychic Energy -> Kadabra@4),2,0,1,3,6,6,6,Kadabra,True,True,DRAW,False,False,True,160
38,0,True,118.0,8.0,PLAY(Dawn),PLAY(Hilda),1,0,2,0,8,5,3,Kadabra,True,True,DRAW,False,False,True,160
39,0,True,45.0,4.0,PLAY(Dawn),PLAY(Hilda),2,1,2,1,8,6,5,Alakazam,True,True,DRAW,False,False,True,160
40,0,True,55.0,6.0,EVOLVE(Dudunsparce on Dunsparce),PLAY(Night Stretcher),2,0,2,1,8,6,5,Kadabra,True,True,DRAW,False,False,True,160
41,0,True,56.0,6.0,PLAY(Dawn),PLAY(Hilda),2,0,1,3,4,6,6,Kadabra,True,True,DRAW,False,False,True,160
42,0,False,,,None,None,0,0,0,0,0,0,0,None,False,False,LOSS,False,True,False,101
43,0,True,158.0,14.0,PLAY(Dawn),PLAY(Hilda),1,1,0,0,10,3,1,Alakazam,True,True,DRAW,False,False,True,160
44,0,True,13.0,2.0,PLAY(Dawn),PLAY(Hilda),3,0,0,2,7,6,6,Abra,True,True,DRAW,False,False,True,160
45,0,True,77.0,6.0,EVOLVE(Dudunsparce on Dunsparce),EVOLVE(Dudunsparce on Dunsparce),2,0,0,3,8,6,4,Abra,True,True,DRAW,False,False,True,160
46,0,True,37.0,4.0,PLAY(Dawn),PLAY(Hilda),1,1,1,2,10,6,6,Alakazam,True,True,DRAW,False,False,True,160
47,0,True,45.0,4.0,PLAY(Dawn),PLAY(Hilda),4,1,1,2,8,6,6,Alakazam,True,True,DRAW,False,False,True,160
48,0,True,147.0,12.0,PLAY(Dawn),PLAY(Hilda),2,1,0,0,10,3,3,Alakazam,True,True,DRAW,False,False,True,160
49,0,True,15.0,2.0,PLAY(Dawn),PLAY(Hilda),3,0,0,3,6,6,6,Dunsparce,True,True,DRAW,False,False,True,160
50,0,True,33.0,4.0,PLAY(Dawn),PLAY(Hilda),1,1,2,0,10,6,6,Alakazam,True,True,WIN,True,False,False,111
51,0,True,134.0,10.0,PLAY(Dawn),PLAY(Hilda),1,1,1,0,14,4,2,Alakazam,True,True,DRAW,False,False,True,160
52,0,True,72.0,6.0,PLAY(Lana’s Aid),PLAY(Poké Pad),2,0,1,1,7,6,4,Kadabra,True,True,DRAW,False,False,True,160
53,0,True,159.0,14.0,PLAY(Dawn),PLAY(Hilda),1,2,0,0,14,4,1,Alakazam,True,True,DRAW,False,False,True,160
54,0,True,77.0,6.0,PLAY(Dawn),PLAY(Hilda),2,3,1,0,7,5,6,Alakazam,True,True,DRAW,False,False,True,160
55,0,True,13.0,2.0,PLAY(Dawn),PLAY(Hilda),2,0,0,3,6,6,6,Abra,True,True,LOSS,False,True,False,137
56,0,False,,,None,None,0,0,0,0,0,0,0,None,False,False,DRAW,False,False,True,160
57,0,True,88.0,8.0,EVOLVE(Alakazam on Kadabra),EVOLVE(Alakazam on Kadabra),3,0,1,2,10,5,4,Kadabra,True,True,DRAW,False,False,True,160
58,0,False,,,None,None,0,0,0,0,0,0,0,None,False,False,DRAW,False,False,True,160
59,0,True,12.0,2.0,PLAY(Dawn),PLAY(Hilda),2,0,0,1,7,6,6,Dunsparce,True,True,LOSS,False,True,False,143
60,0,True,9.0,2.0,PLAY(Dawn),PLAY(Hilda),3,0,0,2,6,6,6,Dunsparce,True,True,DRAW,False,False,True,160
61,0,False,,,None,None,0,0,0,0,0,0,0,None,False,False,LOSS,False,True,False,99
62,0,True,65.0,6.0,PLAY(Dawn),PLAY(Hilda),3,3,0,0,6,5,6,Alakazam,True,True,WIN,True,False,False,131
63,0,True,44.0,4.0,PLAY(Dawn),PLAY(Hilda),3,0,2,2,8,6,6,Kadabra,True,True,DRAW,False,False,True,160
64,0,True,62.0,6.0,PLAY(Dawn),PLAY(Hilda),1,2,1,1,11,6,4,Alakazam,True,True,DRAW,False,False,True,160
65,0,False,,,None,None,0,0,0,0,0,0,0,None,False,False,WIN,True,False,False,53
66,0,True,129.0,10.0,PLAY(Dawn),PLAY(Hilda),1,1,0,1,9,3,3,Alakazam,True,True,DRAW,False,False,True,160
67,0,True,26.0,4.0,PLAY(Dawn),PLAY(Hilda),2,0,1,2,4,6,6,Kadabra,True,True,WIN,True,False,False,154
68,0,True,120.0,10.0,PLAY(Dawn),PLAY(Hilda),2,2,0,0,16,4,3,Alakazam,True,True,DRAW,False,False,True,160
69,0,True,97.0,8.0,PLAY(Dawn),PLAY(Hilda),3,1,1,1,12,6,3,Alakazam,True,True,DRAW,False,False,True,160
70,0,False,,,None,None,0,0,0,0,0,0,0,None,False,False,WIN,True,False,False,55
71,0,True,105.0,8.0,PLAY(Night Stretcher),PLAY(Lana’s Aid),3,2,0,0,9,4,5,Alakazam,True,True,DRAW,False,False,True,160
72,0,False,,,None,None,0,0,0,0,0,0,0,None,False,False,DRAW,False,False,True,160
73,0,True,13.0,2.0,PLAY(Dawn),PLAY(Hilda),2,0,0,2,5,6,6,Abra,True,True,DRAW,False,False,True,160
74,0,True,42.0,4.0,PLAY(Dawn),PLAY(Hilda),2,0,2,1,7,6,6,Kadabra,True,True,DRAW,False,False,True,160
75,0,True,84.0,8.0,PLAY(Dawn),PLAY(Hilda),2,0,2,0,9,6,4,Kadabra,True,True,DRAW,False,False,True,160
76,0,True,14.0,2.0,PLAY(Dawn),PLAY(Hilda),3,0,0,0,5,6,6,Dunsparce,True,True,DRAW,False,False,True,160
77,0,True,17.0,2.0,PLAY(Dawn),PLAY(Hilda),2,0,0,3,3,6,6,Dunsparce,True,True,DRAW,False,False,True,160
78,0,True,124.0,10.0,PLAY(Dawn),PLAY(Hilda),1,1,0,2,13,4,2,Alakazam,True,True,DRAW,False,False,True,160
79,0,True,13.0,2.0,PLAY(Dawn),PLAY(Hilda),3,0,0,3,6,6,6,Abra,True,True,DRAW,False,False,True,160
80,0,True,51.0,8.0,PLAY(Dawn),PLAY(Hilda),5,3,0,1,10,6,6,Alakazam,True,True,DRAW,False,False,True,160
81,0,True,140.0,10.0,PLAY(Dawn),PLAY(Hilda),2,3,0,0,8,3,4,Alakazam,True,True,DRAW,False,False,True,160
82,0,True,41.0,4.0,PLAY(Dawn),PLAY(Hilda),3,0,3,0,9,6,6,Kadabra,True,True,DRAW,False,False,True,160
83,0,True,128.0,10.0,PLAY(Sacred Ash),EVOLVE(Alakazam on Kadabra),1,0,1,1,13,4,3,Kadabra,True,True,DRAW,False,False,True,160
84,0,True,47.0,8.0,PLAY(Dawn),PLAY(Hilda),1,0,0,3,5,6,5,Abra,True,True,DRAW,False,False,True,160
85,0,True,146.0,12.0,PLAY(Dawn),PLAY(Hilda),1,1,0,0,9,4,3,Alakazam,True,True,DRAW,False,False,True,160
86,0,False,,,None,None,0,0,0,0,0,0,0,None,False,False,DRAW,False,False,True,160
87,0,True,159.0,12.0,PLAY(Dawn),PLAY(Hilda),1,0,2,1,2,4,2,Kadabra,True,True,DRAW,False,False,True,160
88,0,True,9.0,2.0,PLAY(Dawn),PLAY(Hilda),3,0,0,2,6,6,6,Dunsparce,True,True,DRAW,False,False,True,160
89,0,True,48.0,4.0,PLAY(Dawn),PLAY(Hilda),1,1,1,0,8,6,5,Alakazam,True,True,DRAW,False,False,True,160
90,0,False,,,None,None,0,0,0,0,0,0,0,None,False,False,WIN,True,False,False,90
91,0,True,71.0,8.0,PLAY(Dawn),PLAY(Hilda),3,1,1,1,7,6,6,Alakazam,True,True,DRAW,False,False,True,160
92,0,False,,,None,None,0,0,0,0,0,0,0,None,False,False,DRAW,False,False,True,160
93,0,True,36.0,4.0,PLAY(Dawn),PLAY(Hilda),4,0,1,2,8,6,5,Kadabra,True,True,DRAW,False,False,True,160
94,0,False,,,None,None,0,0,0,0,0,0,0,None,False,False,LOSS,False,True,False,142
95,0,True,34.0,4.0,PLAY(Dawn),PLAY(Hilda),3,0,1,1,9,6,5,Abra,True,True,DRAW,False,False,True,160
96,0,False,,,None,None,0,0,0,0,0,0,0,None,False,False,LOSS,False,True,False,96
97,0,True,115.0,10.0,PLAY(Dawn),PLAY(Hilda),2,1,1,1,5,5,3,Alakazam,True,True,DRAW,False,False,True,160
98,0,True,128.0,12.0,PLAY(Hilda),PLAY(Dunsparce),3,1,1,1,7,5,2,Alakazam,True,True,DRAW,False,False,True,160
99,0,False,,,None,None,0,0,0,0,0,0,0,None,False,False,LOSS,False,True,False,135
100,0,True,49.0,4.0,PLAY(Dawn),PLAY(Hilda),2,1,2,0,9,6,6,Dunsparce,True,True,WIN,True,False,False,159
101,1,False,,,None,None,0,0,0,0,0,0,0,None,False,False,DRAW,False,False,True,160
102,1,False,,,None,None,0,0,0,0,0,0,0,None,False,False,WIN,True,False,False,114
103,1,True,135.0,13.0,PLAY(Dawn),PLAY(Hilda),1,1,0,0,11,6,2,Alakazam,True,True,DRAW,False,False,True,160
104,1,True,31.0,3.0,PLAY(Dawn),PLAY(Hilda),2,1,2,0,8,6,6,Kadabra,True,True,WIN,True,False,False,157
105,1,True,75.0,7.0,PLAY(Dawn),PLAY(Hilda),2,1,1,1,7,4,5,Alakazam,True,True,WIN,True,False,False,156
106,1,True,117.0,11.0,PLAY(Boss’s Orders),PLAY(Dawn),1,2,0,1,9,3,5,Alakazam,True,True,DRAW,False,False,True,160
107,1,True,21.0,3.0,PLAY(Dawn),PLAY(Hilda),1,0,0,4,7,6,6,Abra,True,True,DRAW,False,False,True,160
108,1,True,28.0,3.0,PLAY(Dawn),PLAY(Hilda),1,1,2,1,16,6,6,Alakazam,True,True,WIN,True,False,False,124
109,1,True,34.0,3.0,PLAY(Dawn),PLAY(Hilda),3,1,1,1,8,6,6,Alakazam,True,True,WIN,True,False,False,158
110,1,False,,,None,None,0,0,0,0,0,0,0,None,False,False,LOSS,False,True,False,60
111,1,True,49.0,5.0,PLAY(Dawn),PLAY(Hilda),2,0,1,3,10,6,6,Dunsparce,True,True,DRAW,False,False,True,160
112,1,False,,,None,None,0,0,0,0,0,0,0,None,False,False,LOSS,False,True,False,64
113,1,True,51.0,5.0,PLAY(Dawn),PLAY(Hilda),2,3,1,0,13,5,6,Alakazam,True,True,DRAW,False,False,True,160
114,1,True,18.0,3.0,PLAY(Dawn),PLAY(Hilda),4,1,0,1,8,6,6,Alakazam,True,True,WIN,True,False,False,160
115,1,True,24.0,3.0,PLAY(Dawn),PLAY(Hilda),2,0,1,2,7,6,6,Kadabra,True,True,DRAW,False,False,True,160
116,1,True,51.0,5.0,PLAY(Dawn),PLAY(Hilda),2,1,1,1,10,6,6,Alakazam,True,True,DRAW,False,False,True,160
117,1,False,,,None,None,0,0,0,0,0,0,0,None,False,False,DRAW,False,False,True,160
118,1,True,86.0,7.0,PLAY(Dawn),PLAY(Hilda),1,4,0,0,16,5,6,Alakazam,True,True,DRAW,False,False,True,160
119,1,True,68.0,7.0,PLAY(Dawn),PLAY(Hilda),1,3,0,0,14,6,6,Alakazam,True,True,DRAW,False,False,True,160
120,1,False,,,None,None,0,0,0,0,0,0,0,None,False,False,DRAW,False,False,True,160
121,1,True,30.0,5.0,PLAY(Dawn),PLAY(Hilda),1,0,2,1,9,6,6,Kadabra,True,True,WIN,True,False,False,158
122,1,False,,,None,None,0,0,0,0,0,0,0,None,False,False,DRAW,False,False,True,160
123,1,False,,,None,None,0,0,0,0,0,0,0,None,False,False,DRAW,False,False,True,160
124,1,True,41.0,5.0,PLAY(Dawn),PLAY(Hilda),2,1,2,0,7,6,6,Alakazam,True,True,WIN,True,False,False,159
125,1,True,68.0,5.0,PLAY(Dawn),PLAY(Hilda),2,2,1,0,6,5,6,Alakazam,True,True,DRAW,False,False,True,160
126,1,True,58.0,5.0,PLAY(Dawn),PLAY(Hilda),2,2,2,0,7,6,6,Alakazam,True,True,DRAW,False,False,True,160
127,1,True,78.0,7.0,PLAY(Dawn),PLAY(Hilda),2,1,1,2,13,5,5,Alakazam,True,True,DRAW,False,False,True,160
128,1,True,23.0,3.0,PLAY(Dawn),PLAY(Hilda),2,1,0,2,8,6,6,Dunsparce,True,True,WIN,True,False,False,151
129,1,True,31.0,5.0,PLAY(Dawn),PLAY(Hilda),2,0,2,1,3,6,6,Kadabra,True,True,DRAW,False,False,True,160
130,1,True,51.0,5.0,PLAY(Dawn),PLAY(Hilda),2,0,2,1,9,6,6,Kadabra,True,True,DRAW,False,False,True,160
131,1,True,114.0,11.0,PLAY(Dawn),PLAY(Hilda),1,0,1,0,14,5,2,Kadabra,True,True,LOSS,False,True,False,146
132,1,True,31.0,3.0,PLAY(Dawn),PLAY(Hilda),2,1,1,0,8,6,6,Alakazam,True,True,DRAW,False,False,True,160
133,1,False,,,None,None,0,0,0,0,0,0,0,None,False,False,DRAW,False,False,True,160
134,1,True,50.0,5.0,PLAY(Dawn),PLAY(Hilda),3,1,2,0,12,6,5,Alakazam,True,True,DRAW,False,False,True,160
135,1,True,70.0,7.0,PLAY(Dawn),PLAY(Hilda),1,2,0,0,10,5,5,Alakazam,True,True,DRAW,False,False,True,160
136,1,True,38.0,3.0,PLAY(Dawn),PLAY(Hilda),3,1,3,0,10,6,6,Kadabra,True,True,DRAW,False,False,True,160
137,1,True,53.0,5.0,PLAY(Dawn),PLAY(Hilda),3,1,2,1,7,6,6,Alakazam,True,True,DRAW,False,False,True,160
138,1,True,33.0,3.0,PLAY(Dawn),PLAY(Hilda),1,1,1,1,9,6,6,Alakazam,True,True,DRAW,False,False,True,160
139,1,True,60.0,5.0,PLAY(Dawn),PLAY(Hilda),1,1,2,1,8,6,6,Alakazam,True,True,DRAW,False,False,True,160
140,1,True,148.0,13.0,PLAY(Dawn),PLAY(Hilda),1,3,0,0,5,1,5,Alakazam,True,True,DRAW,False,False,True,160
141,1,True,112.0,13.0,PLAY(Dawn),PLAY(Poké Pad),1,0,0,0,12,6,1,Dunsparce,True,True,LOSS,False,True,False,128
142,1,False,,,None,None,0,0,0,0,0,0,0,None,False,False,DRAW,False,False,True,160
143,1,True,108.0,9.0,EVOLVE(Dudunsparce on Dunsparce),ATTACH(Telepath Psychic Energy -> Alakazam@4),3,1,1,0,9,5,4,Alakazam,True,True,DRAW,False,False,True,160
144,1,False,,,None,None,0,0,0,0,0,0,0,None,False,False,LOSS,False,True,False,50
145,1,True,122.0,11.0,EVOLVE(Dudunsparce on Dunsparce),PLAY(Rare Candy),7,0,0,2,11,5,2,Abra,True,True,DRAW,False,False,True,160
146,1,True,20.0,3.0,PLAY(Dawn),PLAY(Hilda),2,0,1,3,8,6,6,Abra,True,True,DRAW,False,False,True,160
147,1,True,23.0,3.0,PLAY(Dawn),PLAY(Hilda),1,0,1,1,8,6,6,Kadabra,True,True,LOSS,False,True,False,149
148,1,False,,,None,None,0,0,0,0,0,0,0,None,False,False,LOSS,False,True,False,37
149,1,True,81.0,7.0,PLAY(Sacred Ash),PLAY(Buddy-Buddy Poffin),2,1,0,2,7,5,5,Alakazam,True,True,DRAW,False,False,True,160
150,1,True,19.0,3.0,PLAY(Dawn),PLAY(Hilda),5,0,0,3,5,6,6,Dunsparce,True,True,DRAW,False,False,True,160
151,1,True,132.0,11.0,PLAY(Dawn),PLAY(Hilda),2,1,0,1,9,6,3,Alakazam,True,True,DRAW,False,False,True,160
152,1,False,,,None,None,0,0,0,0,0,0,0,None,False,False,DRAW,False,False,True,160
153,1,True,119.0,9.0,PLAY(Dawn),PLAY(Hilda),3,0,1,1,9,4,3,Kadabra,True,True,DRAW,False,False,True,160
154,1,False,,,None,None,0,0,0,0,0,0,0,None,False,False,DRAW,False,False,True,160
155,1,False,,,None,None,0,0,0,0,0,0,0,None,False,False,WIN,True,False,False,150
156,1,True,58.0,5.0,ATTACH(Telepath Psychic Energy -> Abra@5),ATTACH(Telepath Psychic Energy -> Abra@4),2,0,0,2,7,6,5,Abra,True,True,DRAW,False,False,True,160
157,1,True,154.0,13.0,PLAY(Dawn),ABILITY(Dudunsparce),1,1,0,0,6,4,1,Alakazam,True,True,DRAW,False,False,True,160
158,1,True,54.0,5.0,PLAY(Dawn),PLAY(Hilda),1,2,1,0,8,6,6,Alakazam,True,True,DRAW,False,False,True,160
159,1,True,88.0,9.0,PLAY(Dawn),PLAY(Hilda),3,1,1,0,8,6,4,Alakazam,True,True,DRAW,False,False,True,160
160,1,False,,,None,None,0,0,0,0,0,0,0,None,False,False,DRAW,False,False,True,160
161,1,False,,,None,None,0,0,0,0,0,0,0,None,False,False,WIN,True,False,False,38
162,1,True,150.0,11.0,PLAY(Dawn),PLAY(Hilda),1,2,0,1,4,3,3,Alakazam,True,True,DRAW,False,False,True,160
163,1,True,24.0,3.0,PLAY(Dawn),PLAY(Hilda),3,0,2,2,7,6,6,Kadabra,True,True,WIN,True,False,False,131
164,1,True,62.0,5.0,PLAY(Dawn),PLAY(Hilda),1,1,3,0,10,6,6,Alakazam,True,True,DRAW,False,False,True,160
165,1,True,90.0,7.0,PLAY(Dawn),PLAY(Hilda),2,2,0,1,13,4,4,Alakazam,True,True,DRAW,False,False,True,160
166,1,False,,,None,None,0,0,0,0,0,0,0,None,False,False,DRAW,False,False,True,160
167,1,True,17.0,3.0,PLAY(Dawn),PLAY(Hilda),2,0,0,3,5,6,6,Dunsparce,True,True,LOSS,False,True,False,155
168,1,False,,,None,None,0,0,0,0,0,0,0,None,False,False,LOSS,False,True,False,68
169,1,True,108.0,9.0,PLAY(Dawn),PLAY(Hilda),1,1,0,0,8,4,4,Alakazam,True,True,DRAW,False,False,True,160
170,1,True,60.0,5.0,PLAY(Dawn),PLAY(Hilda),1,0,2,1,9,5,5,Abra,True,True,DRAW,False,False,True,160
171,1,True,92.0,7.0,PLAY(Dawn),PLAY(Hilda),2,1,1,0,10,6,4,Alakazam,True,True,DRAW,False,False,True,160
172,1,False,,,None,None,0,0,0,0,0,0,0,None,False,False,LOSS,False,True,False,142
173,1,False,,,None,None,0,0,0,0,0,0,0,None,False,False,LOSS,False,True,False,76
174,1,True,117.0,11.0,PLAY(Dawn),PLAY(Hilda),2,1,1,1,8,3,4,Alakazam,True,True,DRAW,False,False,True,160
175,1,True,109.0,13.0,PLAY(Dawn),PLAY(Hilda),1,3,0,0,10,1,5,Alakazam,True,True,WIN,True,False,False,115
176,1,False,,,None,None,0,0,0,0,0,0,0,None,False,False,LOSS,False,True,False,155
177,1,True,83.0,7.0,PLAY(Dawn),PLAY(Hilda),1,1,2,1,8,6,5,Alakazam,True,True,DRAW,False,False,True,160
178,1,True,33.0,3.0,PLAY(Dawn),PLAY(Hilda),2,1,2,0,11,6,6,Alakazam,True,True,LOSS,False,True,False,160
179,1,False,,,None,None,0,0,0,0,0,0,0,None,False,False,DRAW,False,False,True,160
180,1,True,73.0,7.0,PLAY(Dawn),PLAY(Hilda),3,0,3,0,9,4,5,Kadabra,True,True,DRAW,False,False,True,160
181,1,True,51.0,5.0,PLAY(Dawn),PLAY(Hilda),2,2,2,0,7,5,6,Alakazam,True,True,WIN,True,False,False,145
182,1,True,72.0,7.0,PLAY(Dawn),PLAY(Hilda),2,2,2,0,15,4,6,Alakazam,True,True,WIN,True,False,False,121
183,1,True,136.0,11.0,PLAY(Night Stretcher),PLAY(Dunsparce),1,0,0,0,13,4,2,Dunsparce,True,True,DRAW,False,False,True,160
184,1,True,89.0,15.0,PLAY(Dawn),PLAY(Hilda),1,3,1,0,14,3,6,Alakazam,True,True,WIN,True,False,False,124
185,1,True,76.0,9.0,PLAY(Night Stretcher),ATTACH(Basic {P} Energy -> Abra@5),3,0,1,2,8,4,5,Kadabra,True,True,WIN,True,False,False,144
186,1,True,25.0,3.0,PLAY(Dawn),PLAY(Hilda),1,0,2,1,9,6,6,Kadabra,True,True,DRAW,False,False,True,160
187,1,True,98.0,7.0,PLAY(Dawn),PLAY(Hilda),1,3,1,0,7,4,6,Alakazam,True,True,WIN,True,False,False,160
188,1,True,63.0,7.0,PLAY(Dawn),PLAY(Hilda),2,3,1,0,14,5,6,Alakazam,True,True,WIN,True,False,False,137
189,1,False,,,None,None,0,0,0,0,0,0,0,None,False,False,WIN,True,False,False,28
190,1,True,22.0,3.0,PLAY(Dawn),PLAY(Hilda),2,1,1,1,7,6,6,Alakazam,True,True,LOSS,False,True,False,154
191,1,False,,,None,None,0,0,0,0,0,0,0,None,False,False,DRAW,False,False,True,160
192,1,False,,,None,None,0,0,0,0,0,0,0,None,False,False,LOSS,False,True,False,154
193,1,True,119.0,11.0,PLAY(Dawn),PLAY(Hilda),5,1,0,1,10,6,3,Alakazam,True,True,DRAW,False,False,True,160
194,1,True,88.0,7.0,PLAY(Dawn),PLAY(Hilda),1,1,2,1,9,6,5,Kadabra,True,True,DRAW,False,False,True,160
195,1,True,143.0,13.0,PLAY(Dawn),PLAY(Hilda),1,2,0,1,13,3,2,Alakazam,True,True,DRAW,False,False,True,160
196,1,False,,,None,None,0,0,0,0,0,0,0,None,False,False,WIN,True,False,False,158
197,1,True,62.0,5.0,PLAY(Dawn),PLAY(Hilda),1,2,1,0,8,5,6,Alakazam,True,True,DRAW,False,False,True,160
198,1,True,144.0,13.0,PLAY(Dawn),PLAY(Hilda),1,2,1,0,18,2,4,Alakazam,True,True,WIN,True,False,False,160
199,1,True,87.0,7.0,PLAY(Dawn),PLAY(Hilda),3,2,0,0,12,6,4,Alakazam,True,True,DRAW,False,False,True,160
200,1,True,23.0,3.0,PLAY(Dawn),PLAY(Hilda),2,0,2,2,8,6,6,Dunsparce,True,True,LOSS,False,True,False,145
