weight_name,baked_value,decision_frequency,win_correlation_rate,status
play_pokemon_base,20000,0,0.0,DEAD_OR_UNREACHABLE
play_abra_early,604,103,52.4,ACTIVE
play_abra_need,200,103,52.4,ACTIVE
play_abra_extra,50,103,52.4,ACTIVE
play_dun_first_early,178,107,55.1,ACTIVE
play_dun_first_late,70,107,55.1,ACTIVE
play_dun_second,50,107,55.1,ACTIVE
play_dun_ex,59,107,55.1,ACTIVE
play_fez,20080,0,0.0,DEAD_OR_UNREACHABLE
play_genesect,20100,0,0.0,DEAD_OR_UNREACHABLE
play_psyduck,20300,0,0.0,DEAD_OR_UNREACHABLE
play_shaymin,19807,0,0.0,DEAD_OR_UNREACHABLE
play_fanrotom,20250,0,0.0,DEAD_OR_UNREACHABLE
play_bench_penalty,3923,0,0.0,DEAD_OR_UNREACHABLE
poffin_early,18000,133,51.1,ACTIVE
poffin_fallback,4083,133,51.1,ACTIVE
poffin_late,15000,133,51.1,ACTIVE
pokepad_early,17000,0,0.0,DEAD_OR_UNREACHABLE
pokepad_need,14000,0,0.0,DEAD_OR_UNREACHABLE
pokepad_ok,12000,0,0.0,DEAD_OR_UNREACHABLE
rare_candy,16000,72,56.9,ACTIVE
night_stretcher_mon,13000,69,37.7,ACTIVE
night_stretcher_energy,11000,69,37.7,ACTIVE
sacred_ash_hi,13500,28,39.3,ACTIVE
sacred_ash_lo,11000,28,39.3,ACTIVE
hammer_target,6500,0,0.0,DEAD_OR_UNREACHABLE
hammer_any,6993,0,0.0,DEAD_OR_UNREACHABLE
wondrous_patch,8500,0,0.0,DEAD_OR_UNREACHABLE
meddling_memo,6000,0,0.0,DEAD_OR_UNREACHABLE
boss_kill,2262,46,47.8,ACTIVE
hilda,3000,52,44.2,ACTIVE
dawn_emergency,16500,107,56.1,ACTIVE
dawn,3100,107,56.1,ACTIVE
lillie,3400,0,0.0,DEAD_OR_UNREACHABLE
lana,4249,16,56.2,ACTIVE
xerosic,3250,54,37.0,ACTIVE
eri,3150,0,0.0,DEAD_OR_UNREACHABLE
nz_ex,19500,6,100.0,ACTIVE
nz_counter,7500,6,100.0,ACTIVE
cage_counter,19000,0,0.0,DEAD_OR_UNREACHABLE
cage_snipe,18500,0,0.0,DEAD_OR_UNREACHABLE
mine_counter,18495,0,0.0,DEAD_OR_UNREACHABLE
jamming_tools,18900,0,0.0,DEAD_OR_UNREACHABLE
jamming_counter,18700,0,0.0,DEAD_OR_UNREACHABLE
helmet,7000,0,0.0,DEAD_OR_UNREACHABLE
fan_abra,4301,0,0.0,DEAD_OR_UNREACHABLE
fan_genesect,5611,0,0.0,DEAD_OR_UNREACHABLE
balloon,7300,0,0.0,DEAD_OR_UNREACHABLE
cape_alak,9800,0,0.0,DEAD_OR_UNREACHABLE
cape_kadabra,9600,0,0.0,DEAD_OR_UNREACHABLE
cape_abra,7500,0,0.0,DEAD_OR_UNREACHABLE
energy_retreat,9500,192,52.6,ACTIVE
energy_abra,8000,192,52.6,ACTIVE
enriching_2nd,6249,0,0.0,DEAD_OR_UNREACHABLE
enriching_1st,2000,0,0.0,DEAD_OR_UNREACHABLE
mist_2nd,4200,0,0.0,DEAD_OR_UNREACHABLE
mist_retreat,9400,0,0.0,DEAD_OR_UNREACHABLE
evolve_base,5951,505,53.3,ACTIVE
ability_dudun,30000,132,43.9,ACTIVE
ability_fez,38066,0,0.0,DEAD_OR_UNREACHABLE
ability_fanrotom,29500,0,0.0,DEAD_OR_UNREACHABLE
ability_default,38085,0,0.0,DEAD_OR_UNREACHABLE
retreat_kadabra,2500,2,0.0,ACTIVE
retreat_promote,2000,2,0.0,ACTIVE
attack_base,1000,205,52.7,ACTIVE
attack_powerful,655,205,52.7,ACTIVE
attack_psybolt_kill,600,205,52.7,ACTIVE
attack_psybolt,127,205,52.7,ACTIVE
attack_teleport,67,205,52.7,ACTIVE
